1,1,1,1
1,2,1,0
1,3,1,0
1,4,0,0
1,5,1,0
1,6,0,0
1,7,1,0
1,8,0,0
1,9,0,0
1,10,1,1
2,1,1,0
2,2,1,1
2,3,1,1
2,4,1,0
2,5,0,0
2,6,1,0
2,7,1,0
2,8,0,0
2,9,0,0
2,10,0,0
3,1,1,1
3,2,1,1
3,3,0,0
3,4,1,1
3,5,1,1
3,6,1,1
3,7,1,1
3,8,1,0
3,9,0,0
3,10,1,1
4,1,1,1
4,2,0,0
4,3,0,0
4,4,0,0
4,5,0,0
4,6,1,0
4,7,0,0
4,8,0,0
4,9,1,1
4,10,0,0
5,1,1,1
5,2,1,1
5,3,1,1
5,4,1,1
5,5,0,0
5,6,1,1
5,7,0,0
5,8,0,0
5,9,0,0
5,10,0,0
6,1,1,1
6,2,1,1
6,3,1,0
6,4,1,0
6,5,0,0
6,6,0,0
6,7,1,1
6,8,0,0
6,9,1,1
6,10,0,0
7,1,1,0
7,2,1,1
7,3,1,1
7,4,0,0
7,5,0,0
7,6,0,0
7,7,1,0
7,8,1,0
7,9,1,1
7,10,1,0
8,1,0,0
8,2,1,0
8,3,1,0
8,4,0,0
8,5,0,0
8,6,1,1
8,7,1,0
8,8,0,0
8,9,0,0
8,10,1,0
9,1,0,0
9,2,0,0
9,3,1,0
9,4,0,0
9,5,0,0
9,6,1,0
9,7,0,0
9,8,1,0
9,9,1,1
9,10,1,0
10,1,0,0
10,2,0,0
10,3,1,0
10,4,1,1
10,5,0,0
10,6,1,0
10,7,1,1
10,8,0,0
10,9,0,0
10,10,1,0
11,1,1,0
11,2,0,0
11,3,0,0
11,4,1,1
11,5,1,0
11,6,0,0
11,7,0,0
11,8,1,0
11,9,1,0
11,10,1,0
12,1,1,1
12,2,0,0
12,3,0,0
12,4,0,0
12,5,0,0
12,6,1,1
12,7,1,0
12,8,0,0
12,9,1,0
12,10,1,1
13,1,1,0
13,2,0,0
13,3,1,0
13,4,1,0
13,5,0,0
13,6,1,0
13,7,0,0
13,8,1,0
13,9,0,0
13,10,1,0
14,1,0,0
14,2,1,0
14,3,0,0
14,4,1,0
14,5,1,1
14,6,0,0
14,7,0,0
14,8,0,0
14,9,1,1
14,10,0,0
15,1,0,0
15,2,0,0
15,3,1,0
15,4,0,0
15,5,1,0
15,6,1,0
15,7,1,0
15,8,1,0
15,9,0,0
15,10,0,0
16,1,0,0
16,2,0,0
16,3,0,0
16,4,0,0
16,5,0,0
16,6,0,0
16,7,0,0
16,8,0,0
16,9,0,0
16,10,1,1
17,1,0,0
17,2,1,1
17,3,0,0
17,4,0,0
17,5,0,0
17,6,0,0
17,7,0,0
17,8,0,0
17,9,1,0
17,10,1,1
18,1,0,0
18,2,1,0
18,3,0,0
18,4,1,0
18,5,0,0
18,6,0,0
18,7,1,1
18,8,1,0
18,9,0,0
18,10,0,0
19,1,1,1
19,2,1,1
19,3,1,0
19,4,0,0
19,5,1,0
19,6,1,1
19,7,0,0
19,8,0,0
19,9,1,0
19,10,1,0
20,1,1,1
20,2,1,1
20,3,0,0
20,4,0,0
20,5,0,0
20,6,0,0
20,7,1,1
20,8,1,1
20,9,0,0
20,10,0,0
21,1,1,0
21,2,0,0
21,3,1,0
21,4,0,0
21,5,0,0
21,6,0,0
21,7,1,0
21,8,0,0
21,9,1,0
21,10,0,0
22,1,1,1
22,2,0,0
22,3,0,0
22,4,1,0
22,5,0,0
22,6,0,0
22,7,1,1
22,8,0,0
22,9,1,1
22,10,0,0
23,1,1,0
23,2,0,0
23,3,1,1
23,4,1,1
23,5,1,0
23,6,1,0
23,7,1,0
23,8,1,1
23,9,1,0
23,10,0,0
24,1,0,0
24,2,1,1
24,3,1,0
24,4,1,1
24,5,1,0
24,6,0,0
24,7,1,0
24,8,0,0
24,9,1,0
24,10,1,1
25,1,1,0
25,2,0,0
25,3,0,0
25,4,1,1
25,5,0,0
25,6,0,0
25,7,1,0
25,8,0,0
25,9,1,0
25,10,1,1
26,1,0,0
26,2,0,0
26,3,1,0
26,4,0,0
26,5,1,0
26,6,1,0
26,7,0,0
26,8,0,0
26,9,0,0
26,10,1,0
27,1,0,0
27,2,1,0
27,3,0,0
27,4,0,0
27,5,0,0
27,6,0,0
27,7,1,1
27,8,0,0
27,9,1,1
27,10,0,0
28,1,1,0
28,2,0,0
28,3,0,0
28,4,1,1
28,5,0,0
28,6,0,0
28,7,1,0
28,8,0,0
28,9,1,0
28,10,0,0
29,1,0,0
29,2,0,0
29,3,1,0
29,4,1,1
29,5,0,0
29,6,1,0
29,7,0,0
29,8,0,0
29,9,0,0
29,10,0,0
30,1,1,1
30,2,0,0
30,3,0,0
30,4,1,0
30,5,0,0
30,6,0,0
30,7,1,1
30,8,0,0
30,9,0,0
30,10,1,1
31,1,0,0
31,2,0,0
31,3,0,0
31,4,0,0
31,5,1,0
31,6,0,0
31,7,1,0
31,8,1,1
31,9,0,0
31,10,0,0
32,1,1,0
32,2,1,0
32,3,1,0
32,4,1,1
32,5,1,1
32,6,1,0
32,7,0,0
32,8,1,1
32,9,0,0
32,10,1,0
33,1,1,1
33,2,1,1
33,3,0,0
33,4,0,0
33,5,0,0
33,6,1,1
33,7,0,0
33,8,0,0
33,9,0,0
33,10,0,0
34,1,1,0
34,2,1,0
34,3,1,1
34,4,1,1
34,5,0,0
34,6,0,0
34,7,1,1
34,8,1,0
34,9,1,1
34,10,0,0
35,1,1,1
35,2,0,0
35,3,1,0
35,4,0,0
35,5,0,0
35,6,0,0
35,7,1,1
35,8,1,1
35,9,1,0
35,10,0,0
36,1,0,0
36,2,1,0
36,3,0,0
36,4,0,0
36,5,1,0
36,6,0,0
36,7,1,0
36,8,1,1
36,9,1,0
36,10,1,0
37,1,1,1
37,2,1,0
37,3,1,0
37,4,1,1
37,5,0,0
37,6,0,0
37,7,0,0
37,8,0,0
37,9,0,0
37,10,0,0
38,1,0,0
38,2,0,0
38,3,1,0
38,4,0,0
38,5,0,0
38,6,0,0
38,7,1,0
38,8,0,0
38,9,0,0
38,10,0,0
39,1,1,1
39,2,1,1
39,3,1,0
39,4,1,1
39,5,0,0
39,6,0,0
39,7,1,0
39,8,1,0
39,9,0,0
39,10,1,0
40,1,0,0
40,2,0,0
40,3,1,1
40,4,0,0
40,5,1,0
40,6,1,0
40,7,1,0
40,8,1,0
40,9,1,0
40,10,0,0
41,1,1,0
41,2,0,0
41,3,0,0
41,4,1,1
41,5,0,0
41,6,0,0
41,7,0,0
41,8,1,1
41,9,0,0
41,10,0,0
42,1,0,0
42,2,1,1
42,3,1,0
42,4,0,0
42,5,0,0
42,6,1,1
42,7,1,1
42,8,0,0
42,9,0,0
42,10,1,1
43,1,0,0
43,2,0,0
43,3,1,1
43,4,1,1
43,5,1,0
43,6,0,0
43,7,1,0
43,8,1,0
43,9,0,0
43,10,1,0
44,1,0,0
44,2,0,0
44,3,0,0
44,4,0,0
44,5,1,0
44,6,0,0
44,7,1,1
44,8,1,0
44,9,0,0
44,10,1,0
45,1,1,0
45,2,0,0
45,3,1,0
45,4,0,0
45,5,1,1
45,6,1,0
45,7,0,0
45,8,1,1
45,9,1,0
45,10,1,1
46,1,0,0
46,2,0,0
46,3,0,0
46,4,0,0
46,5,0,0
46,6,1,1
46,7,0,0
46,8,0,0
46,9,1,0
46,10,1,0
47,1,1,1
47,2,1,1
47,3,0,0
47,4,0,0
47,5,1,0
47,6,1,0
47,7,0,0
47,8,0,0
47,9,1,0
47,10,1,0
48,1,1,1
48,2,0,0
48,3,0,0
48,4,0,0
48,5,1,0
48,6,1,0
48,7,0,0
48,8,1,0
48,9,1,0
48,10,0,0
49,1,1,0
49,2,0,0
49,3,1,1
49,4,1,0
49,5,0,0
49,6,0,0
49,7,1,0
49,8,0,0
49,9,0,0
49,10,0,0
50,1,0,0
50,2,1,1
50,3,0,0
50,4,1,1
50,5,0,0
50,6,1,1
50,7,1,1
50,8,1,0
50,9,0,0
50,10,1,0
51,1,1,1
51,2,1,1
51,3,1,0
51,4,1,0
51,5,1,1
51,6,0,0
51,7,1,0
51,8,1,0
51,9,1,1
51,10,1,1
52,1,0,0
52,2,0,0
52,3,0,0
52,4,0,0
52,5,0,0
52,6,1,1
52,7,1,0
52,8,1,0
52,9,0,0
52,10,0,0
53,1,1,0
53,2,1,1
53,3,1,1
53,4,0,0
53,5,1,0
53,6,0,0
53,7,0,0
53,8,1,0
53,9,1,1
53,10,1,0
54,1,1,0
54,2,1,1
54,3,0,0
54,4,0,0
54,5,1,0
54,6,0,0
54,7,0,0
54,8,0,0
54,9,1,1
54,10,1,1
55,1,1,1
55,2,1,1
55,3,0,0
55,4,0,0
55,5,0,0
55,6,0,0
55,7,0,0
55,8,1,0
55,9,1,0
55,10,1,1
56,1,1,1
56,2,1,0
56,3,1,0
56,4,1,1
56,5,0,0
56,6,1,0
56,7,0,0
56,8,1,1
56,9,0,0
56,10,1,0
57,1,0,0
57,2,1,0
57,3,0,0
57,4,1,0
57,5,1,0
57,6,1,0
57,7,1,1
57,8,1,0
57,9,0,0
57,10,1,0
58,1,0,0
58,2,1,1
58,3,0,0
58,4,1,0
58,5,1,0
58,6,0,0
58,7,0,0
58,8,1,0
58,9,1,0
58,10,1,0
59,1,0,0
59,2,0,0
59,3,0,0
59,4,1,1
59,5,1,0
59,6,0,0
59,7,0,0
59,8,0,0
59,9,1,1
59,10,1,0
60,1,1,0
60,2,1,0
60,3,1,1
60,4,1,0
60,5,0,0
60,6,0,0
60,7,1,1
60,8,0,0
60,9,1,1
60,10,0,0
61,1,0,0
61,2,0,0
61,3,0,0
61,4,1,0
61,5,1,1
61,6,0,0
61,7,1,0
61,8,0,0
61,9,0,0
61,10,0,0
62,1,1,1
62,2,1,1
62,3,0,0
62,4,1,1
62,5,1,1
62,6,0,0
62,7,1,0
62,8,1,0
62,9,1,0
62,10,1,1
63,1,0,0
63,2,1,1
63,3,0,0
63,4,0,0
63,5,0,0
63,6,1,1
63,7,1,0
63,8,1,1
63,9,0,0
63,10,0,0
64,1,0,0
64,2,0,0
64,3,1,0
64,4,1,0
64,5,0,0
64,6,0,0
64,7,1,0
64,8,1,0
64,9,1,1
64,10,0,0
65,1,0,0
65,2,1,1
65,3,0,0
65,4,0,0
65,5,1,1
65,6,0,0
65,7,0,0
65,8,0,0
65,9,1,0
65,10,1,0
66,1,0,0
66,2,1,0
66,3,0,0
66,4,1,0
66,5,0,0
66,6,0,0
66,7,0,0
66,8,0,0
66,9,0,0
66,10,0,0
67,1,1,0
67,2,1,0
67,3,0,0
67,4,1,0
67,5,1,0
67,6,1,0
67,7,0,0
67,8,0,0
67,9,0,0
67,10,0,0
68,1,0,0
68,2,0,0
68,3,0,0
68,4,0,0
68,5,0,0
68,6,0,0
68,7,1,1
68,8,0,0
68,9,0,0
68,10,1,1
69,1,0,0
69,2,0,0
69,3,0,0
69,4,1,0
69,5,1,1
69,6,0,0
69,7,0,0
69,8,1,0
69,9,1,1
69,10,1,0
70,1,1,1
70,2,0,0
70,3,0,0
70,4,0,0
70,5,1,0
70,6,1,1
70,7,1,0
70,8,1,0
70,9,1,0
70,10,0,0
71,1,0,0
71,2,0,0
71,3,0,0
71,4,1,1
71,5,1,0
71,6,0,0
71,7,1,1
71,8,1,1
71,9,1,1
71,10,0,0
72,1,1,0
72,2,1,1
72,3,0,0
72,4,0,0
72,5,1,0
72,6,0,0
72,7,0,0
72,8,0,0
72,9,1,0
72,10,0,0
73,1,0,0
73,2,0,0
73,3,1,0
73,4,0,0
73,5,0,0
73,6,1,1
73,7,1,1
73,8,0,0
73,9,1,1
73,10,0,0
74,1,1,1
74,2,0,0
74,3,0,0
74,4,1,0
74,5,1,0
74,6,1,0
74,7,0,0
74,8,0,0
74,9,0,0
74,10,1,1
75,1,0,0
75,2,1,1
75,3,1,0
75,4,1,1
75,5,0,0
75,6,1,0
75,7,1,0
75,8,0,0
75,9,1,0
75,10,1,1
76,1,1,0
76,2,1,0
76,3,0,0
76,4,1,1
76,5,0,0
76,6,1,0
76,7,1,1
76,8,0,0
76,9,0,0
76,10,1,1
77,1,1,0
77,2,1,0
77,3,0,0
77,4,1,1
77,5,1,0
77,6,1,0
77,7,1,0
77,8,0,0
77,9,0,0
77,10,1,0
78,1,1,0
78,2,1,0
78,3,0,0
78,4,0,0
78,5,0,0
78,6,1,1
78,7,1,1
78,8,1,0
78,9,1,1
78,10,0,0
79,1,1,1
79,2,0,0
79,3,1,1
79,4,0,0
79,5,0,0
79,6,1,1
79,7,0,0
79,8,1,0
79,9,1,0
79,10,0,0
80,1,0,0
80,2,0,0
80,3,0,0
80,4,0,0
80,5,1,0
80,6,1,0
80,7,1,0
80,8,1,1
80,9,1,0
80,10,0,0
81,1,0,0
81,2,1,0
81,3,0,0
81,4,0,0
81,5,1,0
81,6,1,0
81,7,0,0
81,8,0,0
81,9,1,0
81,10,1,0
82,1,1,0
82,2,1,1
82,3,0,0
82,4,0,0
82,5,0,0
82,6,1,1
82,7,1,0
82,8,1,0
82,9,1,0
82,10,0,0
83,1,1,1
83,2,0,0
83,3,0,0
83,4,0,0
83,5,1,0
83,6,1,1
83,7,0,0
83,8,0,0
83,9,1,0
83,10,1,1
84,1,0,0
84,2,0,0
84,3,0,0
84,4,0,0
84,5,0,0
84,6,1,1
84,7,1,0
84,8,0,0
84,9,1,0
84,10,0,0
85,1,1,0
85,2,1,1
85,3,1,0
85,4,0,0
85,5,1,0
85,6,1,0
85,7,0,0
85,8,0,0
85,9,1,1
85,10,1,0
86,1,0,0
86,2,1,0
86,3,0,0
86,4,1,1
86,5,0,0
86,6,1,1
86,7,1,1
86,8,1,0
86,9,1,0
86,10,0,0
87,1,1,0
87,2,1,0
87,3,0,0
87,4,0,0
87,5,1,0
87,6,0,0
87,7,1,1
87,8,0,0
87,9,0,0
87,10,1,1
88,1,1,0
88,2,0,0
88,3,0,0
88,4,1,1
88,5,0,0
88,6,0,0
88,7,0,0
88,8,1,1
88,9,0,0
88,10,0,0
89,1,0,0
89,2,0,0
89,3,1,0
89,4,1,1
89,5,0,0
89,6,0,0
89,7,0,0
89,8,1,1
89,9,1,1
89,10,1,1
90,1,1,1
90,2,0,0
90,3,1,1
90,4,0,0
90,5,1,1
90,6,1,0
90,7,0,0
90,8,0,0
90,9,1,0
90,10,1,1
91,1,1,0
91,2,0,0
91,3,1,0
91,4,1,0
91,5,0,0
91,6,0,0
91,7,1,0
91,8,1,1
91,9,0,0
91,10,1,1
92,1,0,0
92,2,1,1
92,3,0,0
92,4,0,0
92,5,1,1
92,6,0,0
92,7,0,0
92,8,0,0
92,9,0,0
92,10,0,0
93,1,0,0
93,2,0,0
93,3,1,0
93,4,1,1
93,5,0,0
93,6,1,0
93,7,1,0
93,8,1,1
93,9,0,0
93,10,0,0
94,1,0,0
94,2,0,0
94,3,1,0
94,4,1,1
94,5,0,0
94,6,1,0
94,7,1,1
94,8,1,1
94,9,1,1
94,10,1,1
95,1,0,0
95,2,1,0
95,3,0,0
95,4,1,1
95,5,1,0
95,6,0,0
95,7,0,0
95,8,1,0
95,9,0,0
95,10,0,0
96,1,1,0
96,2,0,0
96,3,0,0
96,4,1,1
96,5,1,1
96,6,0,0
96,7,0,0
96,8,1,0
96,9,0,0
96,10,0,0
97,1,0,0
97,2,1,0
97,3,1,0
97,4,0,0
97,5,1,0
97,6,0,0
97,7,1,1
97,8,0,0
97,9,1,1
97,10,1,0
98,1,0,0
98,2,1,0
98,3,1,0
98,4,1,0
98,5,1,0
98,6,1,1
98,7,0,0
98,8,0,0
98,9,1,1
98,10,1,1
99,1,0,0
99,2,1,0
99,3,0,0
99,4,1,0
99,5,1,0
99,6,1,1
99,7,1,0
99,8,1,1
99,9,1,1
99,10,0,0
100,1,1,0
100,2,0,0
100,3,1,1
100,4,1,0
100,5,0,0
100,6,0,0
100,7,0,0
100,8,1,0
100,9,0,0
100,10,0,0
101,1,1,0
101,2,0,0
101,3,0,0
101,4,1,1
101,5,1,1
101,6,0,0
101,7,0,0
101,8,1,0
101,9,1,0
101,10,0,0
102,1,1,1
102,2,0,0
102,3,1,1
102,4,0,0
102,5,1,1
102,6,1,1
102,7,0,0
102,8,1,0
102,9,0,0
102,10,1,1
103,1,0,0
103,2,0,0
103,3,1,1
103,4,1,1
103,5,0,0
103,6,1,0
103,7,0,0
103,8,1,1
103,9,1,0
103,10,0,0
104,1,0,0
104,2,1,1
104,3,1,0
104,4,0,0
104,5,0,0
104,6,0,0
104,7,1,0
104,8,1,0
104,9,0,0
104,10,0,0
105,1,0,0
105,2,0,0
105,3,1,0
105,4,0,0
105,5,0,0
105,6,0,0
105,7,0,0
105,8,0,0
105,9,1,0
105,10,1,1
106,1,0,0
106,2,0,0
106,3,1,1
106,4,1,0
106,5,1,0
106,6,1,1
106,7,1,0
106,8,1,0
106,9,0,0
106,10,1,0
107,1,1,1
107,2,1,0
107,3,1,0
107,4,1,1
107,5,0,0
107,6,0,0
107,7,1,0
107,8,0,0
107,9,0,0
107,10,1,1
108,1,0,0
108,2,1,1
108,3,0,0
108,4,1,0
108,5,0,0
108,6,0,0
108,7,0,0
108,8,1,1
108,9,0,0
108,10,0,0
109,1,0,0
109,2,0,0
109,3,1,1
109,4,0,0
109,5,1,1
109,6,0,0
109,7,1,0
109,8,1,0
109,9,0,0
109,10,0,0
110,1,1,1
110,2,0,0
110,3,0,0
110,4,0,0
110,5,1,0
110,6,1,0
110,7,0,0
110,8,1,0
110,9,1,1
110,10,1,1
111,1,0,0
111,2,0,0
111,3,1,0
111,4,1,1
111,5,1,0
111,6,1,1
111,7,1,1
111,8,1,1
111,9,1,1
111,10,0,0
112,1,0,0
112,2,0,0
112,3,1,1
112,4,0,0
112,5,0,0
112,6,0,0
112,7,1,0
112,8,1,0
112,9,0,0
112,10,0,0
113,1,1,0
113,2,0,0
113,3,0,0
113,4,1,0
113,5,1,0
113,6,0,0
113,7,0,0
113,8,0,0
113,9,0,0
113,10,0,0
114,1,0,0
114,2,0,0
114,3,1,0
114,4,0,0
114,5,1,1
114,6,0,0
114,7,1,1
114,8,1,0
114,9,0,0
114,10,1,0
115,1,1,0
115,2,1,0
115,3,1,1
115,4,0,0
115,5,0,0
115,6,1,0
115,7,0,0
115,8,0,0
115,9,1,1
115,10,1,0
116,1,1,1
116,2,1,0
116,3,1,1
116,4,0,0
116,5,1,1
116,6,1,0
116,7,1,0
116,8,1,0
116,9,0,0
116,10,0,0
117,1,0,0
117,2,0,0
117,3,0,0
117,4,0,0
117,5,1,1
117,6,1,0
117,7,0,0
117,8,1,0
117,9,1,0
117,10,1,0
118,1,0,0
118,2,0,0
118,3,0,0
118,4,0,0
118,5,0,0
118,6,0,0
118,7,0,0
118,8,0,0
118,9,0,0
118,10,1,1
119,1,0,0
119,2,1,1
119,3,0,0
119,4,0,0
119,5,0,0
119,6,1,1
119,7,0,0
119,8,1,1
119,9,0,0
119,10,0,0
120,1,1,0
120,2,0,0
120,3,1,1
120,4,0,0
120,5,0,0
120,6,1,0
120,7,1,1
120,8,1,1
120,9,0,0
120,10,1,0
121,1,0,0
121,2,1,0
121,3,1,1
121,4,0,0
121,5,0,0
121,6,1,1
121,7,1,0
121,8,1,0
121,9,0,0
121,10,0,0
122,1,0,0
122,2,1,1
122,3,0,0
122,4,1,1
122,5,0,0
122,6,1,1
122,7,0,0
122,8,0,0
122,9,0,0
122,10,0,0
123,1,0,0
123,2,1,1
123,3,1,0
123,4,1,0
123,5,1,1
123,6,1,0
123,7,0,0
123,8,0,0
123,9,1,1
123,10,1,1
124,1,1,1
124,2,0,0
124,3,0,0
124,4,0,0
124,5,0,0
124,6,1,1
124,7,0,0
124,8,1,0
124,9,1,1
124,10,1,0
125,1,1,1
125,2,1,1
125,3,1,0
125,4,0,0
125,5,1,1
125,6,0,0
125,7,0,0
125,8,0,0
125,9,1,1
125,10,0,0
126,1,0,0
126,2,0,0
126,3,1,1
126,4,1,0
126,5,0,0
126,6,0,0
126,7,1,0
126,8,0,0
126,9,0,0
126,10,0,0
127,1,0,0
127,2,0,0
127,3,1,0
127,4,0,0
127,5,0,0
127,6,0,0
127,7,0,0
127,8,1,1
127,9,1,0
127,10,1,1
128,1,0,0
128,2,1,0
128,3,0,0
128,4,0,0
128,5,0,0
128,6,1,0
128,7,0,0
128,8,1,0
128,9,0,0
128,10,1,0
129,1,0,0
129,2,1,1
129,3,1,0
129,4,0,0
129,5,1,1
129,6,1,0
129,7,0,0
129,8,0,0
129,9,1,1
129,10,1,1
130,1,1,0
130,2,0,0
130,3,1,0
130,4,0,0
130,5,1,0
130,6,1,0
130,7,1,1
130,8,0,0
130,9,0,0
130,10,1,1
131,1,1,1
131,2,1,1
131,3,0,0
131,4,1,1
131,5,0,0
131,6,1,0
131,7,1,0
131,8,1,0
131,9,0,0
131,10,1,0
132,1,0,0
132,2,1,0
132,3,1,1
132,4,1,1
132,5,0,0
132,6,0,0
132,7,0,0
132,8,0,0
132,9,0,0
132,10,0,0
133,1,0,0
133,2,1,0
133,3,0,0
133,4,1,1
133,5,1,1
133,6,1,1
133,7,1,1
133,8,0,0
133,9,1,1
133,10,0,0
134,1,0,0
134,2,1,0
134,3,0,0
134,4,1,0
134,5,1,0
134,6,0,0
134,7,1,1
134,8,1,0
134,9,0,0
134,10,1,1
135,1,0,0
135,2,1,1
135,3,1,1
135,4,1,1
135,5,0,0
135,6,1,0
135,7,1,0
135,8,0,0
135,9,1,0
135,10,1,1
136,1,1,0
136,2,0,0
136,3,1,0
136,4,1,0
136,5,0,0
136,6,0,0
136,7,0,0
136,8,0,0
136,9,1,1
136,10,1,1
137,1,1,0
137,2,1,0
137,3,0,0
137,4,1,1
137,5,1,0
137,6,0,0
137,7,1,0
137,8,1,0
137,9,1,1
137,10,1,1
138,1,0,0
138,2,0,0
138,3,0,0
138,4,1,0
138,5,1,0
138,6,1,0
138,7,0,0
138,8,0,0
138,9,1,0
138,10,1,0
139,1,0,0
139,2,1,1
139,3,1,0
139,4,0,0
139,5,1,0
139,6,1,0
139,7,1,0
139,8,1,0
139,9,0,0
139,10,0,0
140,1,0,0
140,2,1,1
140,3,0,0
140,4,1,1
140,5,1,1
140,6,0,0
140,7,1,0
140,8,1,0
140,9,0,0
140,10,0,0
141,1,0,0
141,2,1,0
141,3,0,0
141,4,1,0
141,5,1,0
141,6,1,0
141,7,0,0
141,8,1,0
141,9,1,0
141,10,1,0
142,1,0,0
142,2,0,0
142,3,0,0
142,4,1,1
142,5,0,0
142,6,0,0
142,7,1,1
142,8,1,0
142,9,0,0
142,10,1,0
143,1,0,0
143,2,0,0
143,3,1,0
143,4,1,1
143,5,0,0
143,6,0,0
143,7,1,0
143,8,0,0
143,9,0,0
143,10,1,1
144,1,0,0
144,2,1,1
144,3,0,0
144,4,0,0
144,5,1,1
144,6,1,1
144,7,0,0
144,8,0,0
144,9,1,0
144,10,0,0
145,1,1,1
145,2,1,0
145,3,1,0
145,4,0,0
145,5,1,0
145,6,0,0
145,7,0,0
145,8,1,1
145,9,1,0
145,10,1,0
146,1,0,0
146,2,1,1
146,3,1,1
146,4,0,0
146,5,0,0
146,6,1,1
146,7,0,0
146,8,1,1
146,9,1,0
146,10,0,0
147,1,1,0
147,2,0,0
147,3,1,0
147,4,1,0
147,5,1,0
147,6,0,0
147,7,0,0
147,8,1,1
147,9,1,0
147,10,1,0
148,1,1,1
148,2,0,0
148,3,0,0
148,4,0,0
148,5,1,0
148,6,0,0
148,7,1,0
148,8,1,0
148,9,0,0
148,10,0,0
149,1,1,1
149,2,0,0
149,3,1,1
149,4,1,0
149,5,0,0
149,6,1,0
149,7,1,0
149,8,0,0
149,9,0,0
149,10,0,0
150,1,1,0
150,2,0,0
150,3,1,0
150,4,1,1
150,5,1,1
150,6,1,0
150,7,0,0
150,8,0,0
150,9,0,0
150,10,0,0
151,1,1,1
151,2,1,0
151,3,1,0
151,4,1,1
151,5,0,0
151,6,0,0
151,7,1,0
151,8,1,0
151,9,0,0
151,10,0,0
152,1,0,0
152,2,0,0
152,3,0,0
152,4,0,0
152,5,1,1
152,6,0,0
152,7,0,0
152,8,0,0
152,9,0,0
152,10,1,0
153,1,1,0
153,2,0,0
153,3,1,0
153,4,0,0
153,5,0,0
153,6,1,0
153,7,1,0
153,8,0,0
153,9,0,0
153,10,1,1
154,1,0,0
154,2,1,0
154,3,1,0
154,4,1,0
154,5,1,1
154,6,0,0
154,7,1,1
154,8,1,1
154,9,0,0
154,10,1,1
155,1,0,0
155,2,0,0
155,3,1,0
155,4,0,0
155,5,1,1
155,6,0,0
155,7,1,0
155,8,0,0
155,9,1,0
155,10,0,0
156,1,0,0
156,2,1,1
156,3,1,0
156,4,1,1
156,5,0,0
156,6,0,0
156,7,1,1
156,8,1,1
156,9,0,0
156,10,1,1
157,1,1,0
157,2,1,1
157,3,1,0
157,4,1,0
157,5,0,0
157,6,0,0
157,7,1,1
157,8,1,0
157,9,0,0
157,10,1,1
158,1,1,0
158,2,1,0
158,3,1,0
158,4,0,0
158,5,0,0
158,6,1,1
158,7,1,0
158,8,0,0
158,9,0,0
158,10,0,0
159,1,1,0
159,2,0,0
159,3,0,0
159,4,0,0
159,5,0,0
159,6,1,0
159,7,0,0
159,8,1,0
159,9,0,0
159,10,0,0
160,1,0,0
160,2,1,1
160,3,1,1
160,4,0,0
160,5,0,0
160,6,1,0
160,7,1,0
160,8,0,0
160,9,1,0
160,10,1,0
161,1,1,1
161,2,0,0
161,3,0,0
161,4,0,0
161,5,1,1
161,6,0,0
161,7,1,0
161,8,0,0
161,9,1,1
161,10,0,0
162,1,1,0
162,2,0,0
162,3,0,0
162,4,1,1
162,5,0,0
162,6,1,0
162,7,0,0
162,8,1,1
162,9,0,0
162,10,1,1
163,1,1,0
163,2,1,0
163,3,0,0
163,4,1,0
163,5,1,0
163,6,1,1
163,7,0,0
163,8,1,0
163,9,0,0
163,10,1,1
164,1,0,0
164,2,1,1
164,3,1,0
164,4,1,1
164,5,1,0
164,6,0,0
164,7,1,1
164,8,1,0
164,9,0,0
164,10,1,1
165,1,1,0
165,2,1,1
165,3,0,0
165,4,1,0
165,5,1,1
165,6,1,0
165,7,1,1
165,8,1,1
165,9,0,0
165,10,1,1
166,1,1,1
166,2,0,0
166,3,1,0
166,4,0,0
166,5,0,0
166,6,0,0
166,7,0,0
166,8,1,0
166,9,0,0
166,10,0,0
167,1,1,0
167,2,1,0
167,3,0,0
167,4,1,0
167,5,0,0
167,6,0,0
167,7,1,0
167,8,1,0
167,9,1,1
167,10,1,0
168,1,1,0
168,2,1,0
168,3,1,1
168,4,1,1
168,5,0,0
168,6,0,0
168,7,1,0
168,8,1,1
168,9,1,0
168,10,1,0
169,1,0,0
169,2,1,0
169,3,0,0
169,4,0,0
169,5,0,0
169,6,0,0
169,7,0,0
169,8,0,0
169,9,1,0
169,10,0,0
170,1,1,1
170,2,1,1
170,3,1,0
170,4,1,1
170,5,1,1
170,6,0,0
170,7,0,0
170,8,1,0
170,9,1,0
170,10,0,0
171,1,0,0
171,2,0,0
171,3,1,1
171,4,0,0
171,5,0,0
171,6,0,0
171,7,1,0
171,8,0,0
171,9,0,0
171,10,0,0
172,1,0,0
172,2,0,0
172,3,1,1
172,4,0,0
172,5,0,0
172,6,1,0
172,7,0,0
172,8,1,0
172,9,1,0
172,10,0,0
173,1,0,0
173,2,1,1
173,3,1,0
173,4,1,0
173,5,1,0
173,6,1,0
173,7,0,0
173,8,1,0
173,9,1,0
173,10,1,1
174,1,0,0
174,2,1,0
174,3,0,0
174,4,0,0
174,5,1,0
174,6,1,0
174,7,0,0
174,8,0,0
174,9,1,1
174,10,0,0
175,1,1,1
175,2,0,0
175,3,0,0
175,4,0,0
175,5,0,0
175,6,1,1
175,7,0,0
175,8,1,0
175,9,0,0
175,10,1,0
176,1,0,0
176,2,1,1
176,3,1,1
176,4,1,1
176,5,1,0
176,6,1,0
176,7,1,0
176,8,1,0
176,9,0,0
176,10,1,0
177,1,0,0
177,2,1,1
177,3,0,0
177,4,1,0
177,5,0,0
177,6,0,0
177,7,1,1
177,8,0,0
177,9,1,1
177,10,1,1
178,1,0,0
178,2,1,0
178,3,0,0
178,4,0,0
178,5,1,1
178,6,0,0
178,7,0,0
178,8,1,0
178,9,0,0
178,10,0,0
179,1,1,1
179,2,0,0
179,3,1,0
179,4,1,1
179,5,0,0
179,6,1,0
179,7,1,1
179,8,1,1
179,9,0,0
179,10,0,0
180,1,1,0
180,2,0,0
180,3,0,0
180,4,0,0
180,5,0,0
180,6,0,0
180,7,0,0
180,8,1,1
180,9,1,1
180,10,0,0
181,1,1,0
181,2,0,0
181,3,1,0
181,4,1,0
181,5,0,0
181,6,0,0
181,7,1,1
181,8,0,0
181,9,1,1
181,10,0,0
182,1,0,0
182,2,1,0
182,3,0,0
182,4,1,1
182,5,0,0
182,6,1,1
182,7,0,0
182,8,1,1
182,9,1,1
182,10,0,0
183,1,1,0
183,2,1,1
183,3,0,0
183,4,1,0
183,5,1,0
183,6,1,0
183,7,1,1
183,8,0,0
183,9,0,0
183,10,1,1
184,1,1,0
184,2,1,0
184,3,0,0
184,4,1,1
184,5,0,0
184,6,1,0
184,7,0,0
184,8,1,1
184,9,0,0
184,10,1,1
185,1,0,0
185,2,0,0
185,3,0,0
185,4,0,0
185,5,1,0
185,6,1,0
185,7,0,0
185,8,0,0
185,9,1,0
185,10,1,0
186,1,1,0
186,2,0,0
186,3,0,0
186,4,1,0
186,5,1,0
186,6,0,0
186,7,0,0
186,8,1,0
186,9,1,1
186,10,1,0
187,1,0,0
187,2,1,1
187,3,0,0
187,4,0,0
187,5,0,0
187,6,1,0
187,7,0,0
187,8,0,0
187,9,1,1
187,10,1,1
188,1,0,0
188,2,0,0
188,3,1,0
188,4,1,0
188,5,1,1
188,6,1,0
188,7,0,0
188,8,1,0
188,9,0,0
188,10,1,0
189,1,0,0
189,2,0,0
189,3,0,0
189,4,1,1
189,5,0,0
189,6,0,0
189,7,0,0
189,8,1,0
189,9,1,0
189,10,1,1
190,1,1,1
190,2,1,0
190,3,0,0
190,4,0,0
190,5,1,0
190,6,1,1
190,7,1,1
190,8,1,0
190,9,0,0
190,10,0,0
191,1,1,1
191,2,1,0
191,3,1,0
191,4,0,0
191,5,0,0
191,6,1,0
191,7,1,0
191,8,0,0
191,9,0,0
191,10,0,0
192,1,1,0
192,2,1,0
192,3,0,0
192,4,1,0
192,5,1,0
192,6,0,0
192,7,1,0
192,8,0,0
192,9,1,1
192,10,0,0
193,1,0,0
193,2,0,0
193,3,0,0
193,4,0,0
193,5,1,1
193,6,0,0
193,7,1,0
193,8,0,0
193,9,1,1
193,10,1,0
194,1,0,0
194,2,0,0
194,3,1,0
194,4,0,0
194,5,1,1
194,6,1,0
194,7,1,1
194,8,0,0
194,9,1,0
194,10,1,1
195,1,1,1
195,2,1,1
195,3,1,0
195,4,1,0
195,5,1,1
195,6,0,0
195,7,1,1
195,8,1,0
195,9,0,0
195,10,1,1
196,1,1,1
196,2,0,0
196,3,1,1
196,4,1,1
196,5,1,1
196,6,1,1
196,7,1,1
196,8,1,0
196,9,1,1
196,10,1,0
197,1,1,0
197,2,0,0
197,3,0,0
197,4,0,0
197,5,1,0
197,6,1,1
197,7,0,0
197,8,0,0
197,9,1,0
197,10,0,0
198,1,1,1
198,2,1,0
198,3,0,0
198,4,0,0
198,5,1,0
198,6,0,0
198,7,1,0
198,8,0,0
198,9,1,1
198,10,0,0
199,1,1,1
199,2,1,1
199,3,1,1
199,4,1,1
199,5,0,0
199,6,1,1
199,7,0,0
199,8,0,0
199,9,0,0
199,10,1,0
200,1,1,1
200,2,0,0
200,3,1,0
200,4,1,1
200,5,1,1
200,6,0,0
200,7,0,0
200,8,1,1
200,9,1,0
200,10,1,1
201,1,1,0
201,2,0,0
201,3,0,0
201,4,0,0
201,5,0,0
201,6,1,1
201,7,1,1
201,8,1,1
201,9,1,1
201,10,0,0
202,1,0,0
202,2,0,0
202,3,1,1
202,4,1,1
202,5,1,1
202,6,0,0
202,7,0,0
202,8,1,0
202,9,0,0
202,10,0,0
203,1,0,0
203,2,1,0
203,3,1,1
203,4,1,0
203,5,1,1
203,6,1,0
203,7,0,0
203,8,0,0
203,9,1,1
203,10,1,1
204,1,0,0
204,2,1,0
204,3,1,0
204,4,1,0
204,5,0,0
204,6,1,0
204,7,1,1
204,8,1,0
204,9,1,1
204,10,1,0
205,1,1,0
205,2,1,1
205,3,0,0
205,4,1,1
205,5,0,0
205,6,0,0
205,7,0,0
205,8,0,0
205,9,1,0
205,10,1,0
206,1,0,0
206,2,0,0
206,3,1,0
206,4,1,0
206,5,1,0
206,6,0,0
206,7,0,0
206,8,0,0
206,9,1,1
206,10,1,0
207,1,0,0
207,2,0,0
207,3,1,0
207,4,1,1
207,5,1,0
207,6,0,0
207,7,1,0
207,8,1,1
207,9,1,0
207,10,1,0
208,1,1,1
208,2,0,0
208,3,1,0
208,4,1,1
208,5,1,0
208,6,0,0
208,7,1,0
208,8,1,1
208,9,0,0
208,10,0,0
209,1,0,0
209,2,0,0
209,3,0,0
209,4,1,1
209,5,1,1
209,6,0,0
209,7,1,1
209,8,1,0
209,9,1,0
209,10,1,1
210,1,1,0
210,2,1,0
210,3,1,0
210,4,0,0
210,5,0,0
210,6,1,1
210,7,0,0
210,8,0,0
210,9,0,0
210,10,1,1
211,1,1,0
211,2,0,0
211,3,0,0
211,4,1,0
211,5,0,0
211,6,1,0
211,7,0,0
211,8,1,1
211,9,1,0
211,10,1,1
212,1,1,0
212,2,0,0
212,3,0,0
212,4,0,0
212,5,1,0
212,6,1,1
212,7,1,0
212,8,0,0
212,9,0,0
212,10,1,0
213,1,0,0
213,2,1,1
213,3,1,1
213,4,1,0
213,5,0,0
213,6,0,0
213,7,0,0
213,8,1,0
213,9,1,0
213,10,0,0
214,1,0,0
214,2,0,0
214,3,1,1
214,4,1,1
214,5,0,0
214,6,0,0
214,7,0,0
214,8,0,0
214,9,0,0
214,10,0,0
215,1,1,1
215,2,1,0
215,3,0,0
215,4,1,1
215,5,1,0
215,6,0,0
215,7,0,0
215,8,1,0
215,9,1,0
215,10,0,0
216,1,0,0
216,2,0,0
216,3,1,0
216,4,1,1
216,5,1,0
216,6,1,1
216,7,0,0
216,8,0,0
216,9,1,0
216,10,0,0
217,1,1,1
217,2,0,0
217,3,1,1
217,4,0,0
217,5,0,0
217,6,1,0
217,7,1,1
217,8,0,0
217,9,0,0
217,10,0,0
218,1,0,0
218,2,1,0
218,3,1,0
218,4,0,0
218,5,1,0
218,6,0,0
218,7,0,0
218,8,1,0
218,9,0,0
218,10,0,0
219,1,1,1
219,2,1,0
219,3,0,0
219,4,1,1
219,5,1,1
219,6,1,1
219,7,0,0
219,8,0,0
219,9,1,0
219,10,0,0
220,1,1,0
220,2,1,1
220,3,1,0
220,4,0,0
220,5,0,0
220,6,0,0
220,7,0,0
220,8,1,0
220,9,0,0
220,10,1,1
221,1,1,1
221,2,0,0
221,3,1,0
221,4,0,0
221,5,0,0
221,6,0,0
221,7,1,0
221,8,0,0
221,9,1,0
221,10,0,0
222,1,1,0
222,2,0,0
222,3,1,0
222,4,0,0
222,5,1,1
222,6,1,0
222,7,0,0
222,8,0,0
222,9,0,0
222,10,1,0
223,1,0,0
223,2,1,1
223,3,0,0
223,4,0,0
223,5,0,0
223,6,1,0
223,7,0,0
223,8,1,0
223,9,1,0
223,10,0,0
224,1,1,1
224,2,0,0
224,3,1,0
224,4,1,0
224,5,1,0
224,6,0,0
224,7,1,1
224,8,1,0
224,9,0,0
224,10,0,0
225,1,1,1
225,2,1,1
225,3,0,0
225,4,0,0
225,5,1,0
225,6,1,0
225,7,0,0
225,8,1,1
225,9,1,0
225,10,1,0
226,1,1,1
226,2,1,1
226,3,0,0
226,4,1,1
226,5,0,0
226,6,0,0
226,7,0,0
226,8,0,0
226,9,1,1
226,10,1,1
227,1,0,0
227,2,1,1
227,3,0,0
227,4,0,0
227,5,1,1
227,6,0,0
227,7,1,0
227,8,0,0
227,9,1,0
227,10,0,0
228,1,0,0
228,2,0,0
228,3,1,1
228,4,1,1
228,5,0,0
228,6,0,0
228,7,0,0
228,8,1,1
228,9,1,1
228,10,0,0
229,1,0,0
229,2,0,0
229,3,1,0
229,4,1,1
229,5,1,0
229,6,1,1
229,7,1,0
229,8,1,0
229,9,1,0
229,10,1,1
230,1,1,1
230,2,0,0
230,3,1,0
230,4,1,0
230,5,0,0
230,6,0,0
230,7,1,1
230,8,0,0
230,9,1,1
230,10,1,1
231,1,0,0
231,2,0,0
231,3,0,0
231,4,0,0
231,5,0,0
231,6,1,1
231,7,1,1
231,8,0,0
231,9,1,0
231,10,0,0
232,1,1,0
232,2,1,1
232,3,1,1
232,4,0,0
232,5,0,0
232,6,0,0
232,7,1,0
232,8,0,0
232,9,1,1
232,10,1,0
233,1,1,1
233,2,0,0
233,3,1,0
233,4,1,0
233,5,1,1
233,6,1,1
233,7,0,0
233,8,1,0
233,9,1,0
233,10,1,1
234,1,1,1
234,2,1,1
234,3,1,1
234,4,1,0
234,5,0,0
234,6,1,0
234,7,0,0
234,8,1,1
234,9,0,0
234,10,1,1
235,1,0,0
235,2,0,0
235,3,0,0
235,4,1,0
235,5,1,0
235,6,0,0
235,7,0,0
235,8,1,0
235,9,0,0
235,10,0,0
236,1,1,0
236,2,1,0
236,3,1,0
236,4,1,0
236,5,1,0
236,6,1,1
236,7,0,0
236,8,0,0
236,9,0,0
236,10,0,0
237,1,0,0
237,2,1,0
237,3,0,0
237,4,1,1
237,5,0,0
237,6,0,0
237,7,0,0
237,8,1,0
237,9,1,0
237,10,0,0
238,1,0,0
238,2,0,0
238,3,0,0
238,4,0,0
238,5,1,0
238,6,0,0
238,7,0,0
238,8,0,0
238,9,1,0
238,10,0,0
239,1,0,0
239,2,0,0
239,3,1,0
239,4,1,0
239,5,1,1
239,6,0,0
239,7,1,1
239,8,0,0
239,9,0,0
239,10,0,0
240,1,0,0
240,2,0,0
240,3,1,0
240,4,1,0
240,5,0,0
240,6,0,0
240,7,0,0
240,8,0,0
240,9,0,0
240,10,1,1
241,1,1,1
241,2,1,1
241,3,1,0
241,4,1,1
241,5,0,0
241,6,1,0
241,7,0,0
241,8,0,0
241,9,0,0
241,10,1,1
242,1,0,0
242,2,0,0
242,3,0,0
242,4,0,0
242,5,1,0
242,6,0,0
242,7,1,0
242,8,0,0
242,9,1,0
242,10,1,1
243,1,1,1
243,2,0,0
243,3,1,0
243,4,1,1
243,5,1,0
243,6,0,0
243,7,0,0
243,8,0,0
243,9,0,0
243,10,0,0
244,1,1,1
244,2,0,0
244,3,0,0
244,4,1,0
244,5,1,0
244,6,0,0
244,7,0,0
244,8,1,0
244,9,1,1
244,10,1,1
245,1,0,0
245,2,1,0
245,3,0,0
245,4,1,0
245,5,0,0
245,6,1,0
245,7,1,0
245,8,0,0
245,9,1,0
245,10,1,1
246,1,1,1
246,2,1,1
246,3,0,0
246,4,1,0
246,5,0,0
246,6,1,0
246,7,1,1
246,8,1,0
246,9,0,0
246,10,1,1
247,1,1,0
247,2,1,0
247,3,0,0
247,4,1,1
247,5,0,0
247,6,0,0
247,7,1,1
247,8,0,0
247,9,1,1
247,10,0,0
248,1,1,0
248,2,1,1
248,3,0,0
248,4,1,1
248,5,0,0
248,6,1,0
248,7,0,0
248,8,0,0
248,9,0,0
248,10,1,0
249,1,1,1
249,2,1,0
249,3,0,0
249,4,1,0
249,5,0,0
249,6,0,0
249,7,0,0
249,8,1,1
249,9,1,0
249,10,0,0
250,1,0,0
250,2,0,0
250,3,0,0
250,4,1,0
250,5,1,0
250,6,1,0
250,7,0,0
250,8,1,0
250,9,0,0
250,10,1,0
251,1,0,0
251,2,0,0
251,3,1,1
251,4,1,1
251,5,0,0
251,6,1,0
251,7,0,0
251,8,0,0
251,9,0,0
251,10,0,0
252,1,1,1
252,2,1,1
252,3,1,0
252,4,0,0
252,5,0,0
252,6,1,1
252,7,1,1
252,8,1,0
252,9,0,0
252,10,0,0
253,1,0,0
253,2,1,0
253,3,0,0
253,4,0,0
253,5,1,0
253,6,1,0
253,7,1,1
253,8,0,0
253,9,0,0
253,10,1,1
254,1,0,0
254,2,1,1
254,3,1,1
254,4,1,1
254,5,0,0
254,6,1,0
254,7,1,1
254,8,1,0
254,9,1,0
254,10,1,1
255,1,1,1
255,2,1,1
255,3,1,0
255,4,1,0
255,5,0,0
255,6,1,1
255,7,1,0
255,8,1,0
255,9,1,1
255,10,1,1
256,1,1,0
256,2,0,0
256,3,0,0
256,4,0,0
256,5,1,1
256,6,1,1
256,7,1,0
256,8,0,0
256,9,1,1
256,10,1,1
257,1,0,0
257,2,0,0
257,3,0,0
257,4,1,0
257,5,0,0
257,6,1,0
257,7,0,0
257,8,1,0
257,9,1,1
257,10,0,0
258,1,1,0
258,2,1,0
258,3,0,0
258,4,1,0
258,5,1,0
258,6,0,0
258,7,0,0
258,8,0,0
258,9,1,1
258,10,1,0
259,1,1,0
259,2,0,0
259,3,0,0
259,4,1,1
259,5,0,0
259,6,0,0
259,7,1,0
259,8,1,0
259,9,1,1
259,10,0,0
260,1,1,1
260,2,0,0
260,3,1,1
260,4,1,0
260,5,1,1
260,6,0,0
260,7,1,0
260,8,1,0
260,9,1,0
260,10,1,1
261,1,1,0
261,2,1,1
261,3,0,0
261,4,1,0
261,5,1,0
261,6,0,0
261,7,0,0
261,8,1,0
261,9,0,0
261,10,1,0
262,1,1,1
262,2,0,0
262,3,1,0
262,4,0,0
262,5,0,0
262,6,0,0
262,7,0,0
262,8,1,0
262,9,0,0
262,10,0,0
263,1,0,0
263,2,0,0
263,3,1,1
263,4,0,0
263,5,1,1
263,6,0,0
263,7,1,1
263,8,0,0
263,9,1,0
263,10,1,1
264,1,0,0
264,2,1,0
264,3,1,0
264,4,1,1
264,5,0,0
264,6,0,0
264,7,1,0
264,8,0,0
264,9,1,1
264,10,0,0
265,1,1,0
265,2,1,1
265,3,0,0
265,4,0,0
265,5,0,0
265,6,1,0
265,7,1,0
265,8,0,0
265,9,0,0
265,10,0,0
266,1,1,0
266,2,0,0
266,3,1,0
266,4,0,0
266,5,0,0
266,6,1,0
266,7,1,1
266,8,1,0
266,9,1,1
266,10,1,0
267,1,0,0
267,2,1,1
267,3,1,1
267,4,0,0
267,5,1,0
267,6,1,1
267,7,1,0
267,8,0,0
267,9,0,0
267,10,0,0
268,1,0,0
268,2,1,1
268,3,1,0
268,4,0,0
268,5,0,0
268,6,0,0
268,7,0,0
268,8,0,0
268,9,1,0
268,10,0,0
269,1,0,0
269,2,0,0
269,3,0,0
269,4,1,0
269,5,0,0
269,6,1,0
269,7,1,0
269,8,0,0
269,9,0,0
269,10,0,0
270,1,0,0
270,2,1,0
270,3,0,0
270,4,1,0
270,5,0,0
270,6,0,0
270,7,0,0
270,8,0,0
270,9,1,1
270,10,0,0
271,1,1,0
271,2,1,0
271,3,0,0
271,4,0,0
271,5,1,0
271,6,1,1
271,7,1,1
271,8,1,0
271,9,0,0
271,10,0,0
272,1,0,0
272,2,1,1
272,3,0,0
272,4,1,0
272,5,1,0
272,6,0,0
272,7,0,0
272,8,0,0
272,9,0,0
272,10,0,0
273,1,0,0
273,2,0,0
273,3,0,0
273,4,1,1
273,5,0,0
273,6,0,0
273,7,0,0
273,8,0,0
273,9,1,1
273,10,0,0
274,1,1,0
274,2,1,0
274,3,1,0
274,4,0,0
274,5,0,0
274,6,0,0
274,7,1,0
274,8,1,1
274,9,0,0
274,10,1,0
275,1,0,0
275,2,0,0
275,3,1,0
275,4,1,1
275,5,0,0
275,6,1,0
275,7,1,0
275,8,1,0
275,9,0,0
275,10,1,0
276,1,1,1
276,2,0,0
276,3,1,0
276,4,0,0
276,5,0,0
276,6,0,0
276,7,0,0
276,8,0,0
276,9,0,0
276,10,0,0
277,1,0,0
277,2,0,0
277,3,1,1
277,4,1,1
277,5,0,0
277,6,1,0
277,7,0,0
277,8,0,0
277,9,0,0
277,10,0,0
278,1,0,0
278,2,1,1
278,3,0,0
278,4,1,1
278,5,0,0
278,6,0,0
278,7,0,0
278,8,1,0
278,9,0,0
278,10,0,0
279,1,1,0
279,2,1,1
279,3,0,0
279,4,0,0
279,5,1,1
279,6,1,0
279,7,1,0
279,8,0,0
279,9,0,0
279,10,0,0
280,1,0,0
280,2,1,0
280,3,0,0
280,4,0,0
280,5,0,0
280,6,1,1
280,7,1,0
280,8,0,0
280,9,0,0
280,10,0,0
281,1,1,0
281,2,1,0
281,3,0,0
281,4,1,0
281,5,1,0
281,6,0,0
281,7,1,1
281,8,0,0
281,9,0,0
281,10,1,1
282,1,0,0
282,2,0,0
282,3,0,0
282,4,1,0
282,5,0,0
282,6,0,0
282,7,0,0
282,8,0,0
282,9,1,0
282,10,0,0
283,1,1,0
283,2,0,0
283,3,1,0
283,4,1,0
283,5,1,1
283,6,1,1
283,7,1,1
283,8,0,0
283,9,1,1
283,10,0,0
284,1,0,0
284,2,1,0
284,3,0,0
284,4,1,1
284,5,1,1
284,6,0,0
284,7,0,0
284,8,1,0
284,9,0,0
284,10,1,1
285,1,1,0
285,2,1,0
285,3,1,0
285,4,1,0
285,5,0,0
285,6,1,0
285,7,0,0
285,8,1,0
285,9,0,0
285,10,0,0
286,1,0,0
286,2,1,0
286,3,0,0
286,4,1,1
286,5,0,0
286,6,0,0
286,7,0,0
286,8,0,0
286,9,1,0
286,10,0,0
287,1,0,0
287,2,1,0
287,3,1,1
287,4,1,1
287,5,0,0
287,6,0,0
287,7,0,0
287,8,1,1
287,9,1,0
287,10,1,0
288,1,1,1
288,2,0,0
288,3,0,0
288,4,0,0
288,5,1,0
288,6,1,0
288,7,0,0
288,8,0,0
288,9,1,0
288,10,1,0
289,1,1,1
289,2,0,0
289,3,0,0
289,4,1,1
289,5,0,0
289,6,1,1
289,7,1,1
289,8,0,0
289,9,0,0
289,10,1,1
290,1,1,1
290,2,1,1
290,3,1,1
290,4,1,0
290,5,0,0
290,6,0,0
290,7,1,0
290,8,0,0
290,9,1,0
290,10,1,1
291,1,1,1
291,2,0,0
291,3,1,0
291,4,1,1
291,5,1,1
291,6,1,0
291,7,0,0
291,8,0,0
291,9,0,0
291,10,1,1
292,1,0,0
292,2,1,0
292,3,0,0
292,4,1,1
292,5,0,0
292,6,1,1
292,7,0,0
292,8,0,0
292,9,1,0
292,10,1,0
293,1,0,0
293,2,1,0
293,3,0,0
293,4,0,0
293,5,0,0
293,6,0,0
293,7,1,0
293,8,1,0
293,9,1,0
293,10,1,1
294,1,1,1
294,2,1,0
294,3,1,0
294,4,0,0
294,5,0,0
294,6,1,0
294,7,1,0
294,8,1,0
294,9,0,0
294,10,0,0
295,1,1,1
295,2,1,0
295,3,1,0
295,4,1,1
295,5,1,1
295,6,1,0
295,7,0,0
295,8,0,0
295,9,0,0
295,10,0,0
296,1,1,1
296,2,1,0
296,3,1,0
296,4,1,0
296,5,1,1
296,6,1,0
296,7,1,0
296,8,0,0
296,9,0,0
296,10,0,0
297,1,1,1
297,2,1,1
297,3,1,0
297,4,1,1
297,5,0,0
297,6,0,0
297,7,1,0
297,8,0,0
297,9,1,1
297,10,0,0
298,1,1,1
298,2,1,0
298,3,1,0
298,4,0,0
298,5,0,0
298,6,1,1
298,7,1,0
298,8,0,0
298,9,1,1
298,10,0,0
299,1,1,1
299,2,1,1
299,3,1,0
299,4,1,0
299,5,0,0
299,6,1,0
299,7,0,0
299,8,0,0
299,9,0,0
299,10,1,1
300,1,0,0
300,2,1,0
300,3,0,0
300,4,1,0
300,5,0,0
300,6,1,0
300,7,0,0
300,8,1,0
300,9,1,1
300,10,0,0
301,1,1,1
301,2,1,0
301,3,1,0
301,4,1,0
301,5,1,0
301,6,0,0
301,7,1,1
301,8,0,0
301,9,0,0
301,10,1,1
302,1,1,1
302,2,0,0
302,3,0,0
302,4,0,0
302,5,1,0
302,6,1,1
302,7,0,0
302,8,0,0
302,9,1,0
302,10,0,0
303,1,1,1
303,2,1,1
303,3,0,0
303,4,1,1
303,5,1,1
303,6,0,0
303,7,1,0
303,8,1,0
303,9,0,0
303,10,0,0
304,1,1,0
304,2,1,0
304,3,1,0
304,4,0,0
304,5,0,0
304,6,1,1
304,7,0,0
304,8,1,0
304,9,0,0
304,10,0,0
305,1,0,0
305,2,1,0
305,3,0,0
305,4,0,0
305,5,1,0
305,6,1,1
305,7,0,0
305,8,1,0
305,9,0,0
305,10,1,1
306,1,1,0
306,2,1,1
306,3,1,0
306,4,0,0
306,5,0,0
306,6,0,0
306,7,0,0
306,8,0,0
306,9,1,1
306,10,0,0
307,1,0,0
307,2,0,0
307,3,1,1
307,4,1,1
307,5,1,1
307,6,0,0
307,7,0,0
307,8,1,1
307,9,0,0
307,10,1,0
308,1,1,0
308,2,1,0
308,3,1,0
308,4,1,1
308,5,0,0
308,6,1,0
308,7,0,0
308,8,0,0
308,9,1,1
308,10,0,0
309,1,1,0
309,2,1,1
309,3,1,1
309,4,1,0
309,5,0,0
309,6,0,0
309,7,0,0
309,8,1,0
309,9,1,1
309,10,1,1
310,1,0,0
310,2,0,0
310,3,0,0
310,4,1,1
310,5,1,1
310,6,1,1
310,7,1,1
310,8,0,0
310,9,1,1
310,10,1,1
311,1,0,0
311,2,0,0
311,3,0,0
311,4,1,1
311,5,1,0
311,6,0,0
311,7,1,0
311,8,0,0
311,9,0,0
311,10,0,0
312,1,0,0
312,2,1,0
312,3,1,0
312,4,0,0
312,5,0,0
312,6,1,1
312,7,0,0
312,8,0,0
312,9,1,0
312,10,0,0
313,1,1,0
313,2,0,0
313,3,1,0
313,4,0,0
313,5,0,0
313,6,0,0
313,7,1,0
313,8,1,1
313,9,1,0
313,10,1,1
314,1,1,0
314,2,1,0
314,3,1,1
314,4,1,1
314,5,1,0
314,6,0,0
314,7,0,0
314,8,0,0
314,9,1,1
314,10,1,1
315,1,0,0
315,2,1,0
315,3,0,0
315,4,0,0
315,5,0,0
315,6,1,1
315,7,1,0
315,8,1,0
315,9,0,0
315,10,1,0
316,1,0,0
316,2,1,0
316,3,1,0
316,4,1,1
316,5,0,0
316,6,0,0
316,7,1,1
316,8,1,1
316,9,1,1
316,10,1,1
317,1,1,0
317,2,1,1
317,3,1,0
317,4,1,0
317,5,0,0
317,6,0,0
317,7,1,0
317,8,0,0
317,9,0,0
317,10,1,1
318,1,0,0
318,2,1,1
318,3,0,0
318,4,0,0
318,5,1,1
318,6,0,0
318,7,0,0
318,8,1,0
318,9,1,0
318,10,1,0
319,1,1,1
319,2,1,1
319,3,1,1
319,4,1,1
319,5,0,0
319,6,0,0
319,7,1,1
319,8,0,0
319,9,1,0
319,10,1,0
320,1,1,1
320,2,1,0
320,3,1,0
320,4,0,0
320,5,1,0
320,6,1,1
320,7,0,0
320,8,1,1
320,9,1,1
320,10,0,0
321,1,1,1
321,2,0,0
321,3,1,0
321,4,0,0
321,5,0,0
321,6,0,0
321,7,1,0
321,8,0,0
321,9,0,0
321,10,0,0
322,1,1,1
322,2,1,1
322,3,1,1
322,4,0,0
322,5,0,0
322,6,1,0
322,7,0,0
322,8,1,0
322,9,1,1
322,10,0,0
323,1,1,0
323,2,0,0
323,3,0,0
323,4,0,0
323,5,1,1
323,6,1,1
323,7,1,0
323,8,1,0
323,9,1,0
323,10,0,0
324,1,0,0
324,2,1,0
324,3,0,0
324,4,1,0
324,5,0,0
324,6,1,0
324,7,1,1
324,8,1,0
324,9,0,0
324,10,0,0
325,1,1,0
325,2,1,1
325,3,0,0
325,4,1,0
325,5,1,0
325,6,0,0
325,7,1,0
325,8,0,0
325,9,1,1
325,10,0,0
326,1,0,0
326,2,1,1
326,3,1,0
326,4,1,0
326,5,0,0
326,6,1,0
326,7,1,0
326,8,1,0
326,9,1,0
326,10,1,0
327,1,0,0
327,2,0,0
327,3,0,0
327,4,0,0
327,5,1,0
327,6,1,1
327,7,0,0
327,8,0,0
327,9,1,0
327,10,1,1
328,1,0,0
328,2,1,1
328,3,1,0
328,4,0,0
328,5,1,0
328,6,1,0
328,7,1,1
328,8,1,0
328,9,0,0
328,10,0,0
329,1,1,1
329,2,0,0
329,3,0,0
329,4,0,0
329,5,1,1
329,6,0,0
329,7,0,0
329,8,1,0
329,9,1,1
329,10,1,0
330,1,0,0
330,2,1,0
330,3,1,0
330,4,0,0
330,5,0,0
330,6,0,0
330,7,1,0
330,8,1,1
330,9,1,1
330,10,0,0
331,1,0,0
331,2,0,0
331,3,1,1
331,4,0,0
331,5,0,0
331,6,0,0
331,7,1,0
331,8,0,0
331,9,0,0
331,10,0,0
332,1,1,0
332,2,0,0
332,3,0,0
332,4,0,0
332,5,1,0
332,6,0,0
332,7,1,0
332,8,0,0
332,9,0,0
332,10,1,1
333,1,0,0
333,2,1,0
333,3,0,0
333,4,1,1
333,5,0,0
333,6,1,1
333,7,1,0
333,8,0,0
333,9,1,1
333,10,1,1
334,1,1,0
334,2,0,0
334,3,1,0
334,4,0,0
334,5,1,0
334,6,0,0
334,7,0,0
334,8,1,1
334,9,0,0
334,10,1,1
335,1,1,0
335,2,1,0
335,3,1,0
335,4,0,0
335,5,1,0
335,6,0,0
335,7,0,0
335,8,0,0
335,9,1,1
335,10,0,0
336,1,1,0
336,2,1,0
336,3,1,0
336,4,1,1
336,5,1,0
336,6,0,0
336,7,0,0
336,8,1,1
336,9,1,0
336,10,1,1
337,1,0,0
337,2,1,0
337,3,1,1
337,4,1,1
337,5,1,1
337,6,1,0
337,7,1,0
337,8,1,0
337,9,0,0
337,10,0,0
338,1,0,0
338,2,0,0
338,3,1,0
338,4,1,0
338,5,1,1
338,6,1,0
338,7,1,0
338,8,0,0
338,9,1,0
338,10,0,0
339,1,0,0
339,2,1,1
339,3,1,0
339,4,1,1
339,5,0,0
339,6,0,0
339,7,0,0
339,8,0,0
339,9,1,0
339,10,0,0
340,1,1,0
340,2,0,0
340,3,1,1
340,4,0,0
340,5,1,1
340,6,1,0
340,7,0,0
340,8,1,0
340,9,1,0
340,10,1,1
341,1,0,0
341,2,1,0
341,3,1,0
341,4,0,0
341,5,1,1
341,6,0,0
341,7,0,0
341,8,0,0
341,9,0,0
341,10,1,0
342,1,0,0
342,2,1,1
342,3,1,1
342,4,1,1
342,5,1,0
342,6,0,0
342,7,1,0
342,8,1,1
342,9,0,0
342,10,0,0
343,1,0,0
343,2,1,0
343,3,0,0
343,4,1,1
343,5,0,0
343,6,1,1
343,7,0,0
343,8,0,0
343,9,0,0
343,10,0,0
344,1,0,0
344,2,0,0
344,3,0,0
344,4,1,1
344,5,0,0
344,6,0,0
344,7,1,0
344,8,0,0
344,9,1,1
344,10,1,0
345,1,1,1
345,2,0,0
345,3,1,0
345,4,1,0
345,5,0,0
345,6,0,0
345,7,1,1
345,8,0,0
345,9,1,1
345,10,0,0
346,1,0,0
346,2,0,0
346,3,1,0
346,4,1,1
346,5,0,0
346,6,0,0
346,7,1,1
346,8,0,0
346,9,0,0
346,10,0,0
347,1,1,1
347,2,0,0
347,3,0,0
347,4,1,1
347,5,1,0
347,6,0,0
347,7,0,0
347,8,0,0
347,9,0,0
347,10,0,0
348,1,0,0
348,2,0,0
348,3,0,0
348,4,0,0
348,5,1,0
348,6,0,0
348,7,1,1
348,8,0,0
348,9,1,0
348,10,1,1
349,1,0,0
349,2,1,1
349,3,0,0
349,4,1,1
349,5,1,1
349,6,0,0
349,7,0,0
349,8,0,0
349,9,1,0
349,10,1,0
350,1,0,0
350,2,1,0
350,3,0,0
350,4,0,0
350,5,1,1
350,6,0,0
350,7,1,1
350,8,1,0
350,9,0,0
350,10,1,1
351,1,1,0
351,2,0,0
351,3,0,0
351,4,1,1
351,5,0,0
351,6,1,0
351,7,0,0
351,8,0,0
351,9,1,1
351,10,1,1
352,1,1,0
352,2,1,0
352,3,0,0
352,4,1,0
352,5,1,1
352,6,0,0
352,7,1,0
352,8,1,0
352,9,0,0
352,10,0,0
353,1,1,1
353,2,1,0
353,3,0,0
353,4,0,0
353,5,1,0
353,6,1,0
353,7,1,1
353,8,1,0
353,9,0,0
353,10,0,0
354,1,0,0
354,2,0,0
354,3,1,0
354,4,0,0
354,5,1,1
354,6,0,0
354,7,0,0
354,8,1,0
354,9,1,1
354,10,0,0
355,1,1,0
355,2,0,0
355,3,0,0
355,4,0,0
355,5,1,1
355,6,1,1
355,7,1,1
355,8,1,1
355,9,1,0
355,10,0,0
356,1,0,0
356,2,1,1
356,3,1,0
356,4,0,0
356,5,0,0
356,6,1,0
356,7,0,0
356,8,1,0
356,9,1,1
356,10,0,0
357,1,1,0
357,2,1,0
357,3,0,0
357,4,0,0
357,5,1,0
357,6,0,0
357,7,1,1
357,8,0,0
357,9,1,1
357,10,0,0
358,1,0,0
358,2,1,0
358,3,0,0
358,4,1,1
358,5,0,0
358,6,1,0
358,7,1,0
358,8,0,0
358,9,0,0
358,10,0,0
359,1,1,0
359,2,0,0
359,3,0,0
359,4,0,0
359,5,0,0
359,6,0,0
359,7,0,0
359,8,0,0
359,9,0,0
359,10,1,1
360,1,1,0
360,2,1,0
360,3,0,0
360,4,0,0
360,5,0,0
360,6,0,0
360,7,1,1
360,8,0,0
360,9,0,0
360,10,1,0
361,1,0,0
361,2,0,0
361,3,0,0
361,4,0,0
361,5,1,1
361,6,0,0
361,7,0,0
361,8,1,0
361,9,0,0
361,10,0,0
362,1,0,0
362,2,1,1
362,3,0,0
362,4,1,0
362,5,0,0
362,6,0,0
362,7,0,0
362,8,0,0
362,9,1,1
362,10,0,0
363,1,0,0
363,2,1,1
363,3,1,1
363,4,0,0
363,5,1,1
363,6,0,0
363,7,1,1
363,8,0,0
363,9,0,0
363,10,0,0
364,1,1,1
364,2,1,1
364,3,1,1
364,4,1,0
364,5,0,0
364,6,0,0
364,7,0,0
364,8,0,0
364,9,1,0
364,10,0,0
365,1,0,0
365,2,0,0
365,3,1,0
365,4,0,0
365,5,1,0
365,6,0,0
365,7,1,0
365,8,0,0
365,9,1,1
365,10,0,0
366,1,1,0
366,2,1,1
366,3,0,0
366,4,0,0
366,5,1,0
366,6,1,1
366,7,0,0
366,8,1,1
366,9,0,0
366,10,0,0
367,1,0,0
367,2,0,0
367,3,0,0
367,4,1,1
367,5,0,0
367,6,1,1
367,7,0,0
367,8,1,0
367,9,0,0
367,10,0,0
368,1,0,0
368,2,0,0
368,3,1,0
368,4,1,1
368,5,1,0
368,6,0,0
368,7,1,1
368,8,0,0
368,9,1,1
368,10,1,1
369,1,0,0
369,2,0,0
369,3,0,0
369,4,0,0
369,5,0,0
369,6,0,0
369,7,1,0
369,8,0,0
369,9,0,0
369,10,1,0
370,1,1,1
370,2,0,0
370,3,0,0
370,4,0,0
370,5,1,1
370,6,1,0
370,7,0,0
370,8,1,0
370,9,0,0
370,10,1,0
371,1,0,0
371,2,0,0
371,3,0,0
371,4,1,1
371,5,0,0
371,6,0,0
371,7,1,0
371,8,0,0
371,9,1,0
371,10,0,0
372,1,0,0
372,2,1,1
372,3,1,1
372,4,1,1
372,5,1,1
372,6,1,0
372,7,1,0
372,8,0,0
372,9,1,0
372,10,0,0
373,1,0,0
373,2,1,0
373,3,1,0
373,4,1,0
373,5,1,1
373,6,1,1
373,7,0,0
373,8,1,0
373,9,0,0
373,10,1,0
374,1,1,1
374,2,1,0
374,3,1,1
374,4,0,0
374,5,1,1
374,6,1,1
374,7,1,0
374,8,0,0
374,9,0,0
374,10,1,1
375,1,0,0
375,2,0,0
375,3,1,0
375,4,0,0
375,5,0,0
375,6,0,0
375,7,0,0
375,8,1,0
375,9,1,0
375,10,1,1
376,1,0,0
376,2,0,0
376,3,1,0
376,4,0,0
376,5,1,0
376,6,0,0
376,7,1,0
376,8,0,0
376,9,0,0
376,10,1,1
377,1,1,0
377,2,1,1
377,3,0,0
377,4,1,1
377,5,0,0
377,6,0,0
377,7,0,0
377,8,1,0
377,9,1,1
377,10,1,1
378,1,0,0
378,2,0,0
378,3,1,0
378,4,1,1
378,5,0,0
378,6,0,0
378,7,1,0
378,8,0,0
378,9,0,0
378,10,1,1
379,1,0,0
379,2,1,1
379,3,1,0
379,4,1,0
379,5,1,1
379,6,1,0
379,7,0,0
379,8,0,0
379,9,1,0
379,10,1,1
380,1,0,0
380,2,1,1
380,3,0,0
380,4,1,1
380,5,1,1
380,6,1,0
380,7,0,0
380,8,0,0
380,9,0,0
380,10,0,0
381,1,0,0
381,2,1,1
381,3,1,1
381,4,0,0
381,5,1,0
381,6,1,0
381,7,0,0
381,8,1,1
381,9,1,0
381,10,1,0
382,1,0,0
382,2,1,0
382,3,1,0
382,4,0,0
382,5,1,1
382,6,0,0
382,7,0,0
382,8,1,1
382,9,0,0
382,10,1,0
383,1,0,0
383,2,1,1
383,3,0,0
383,4,1,1
383,5,1,1
383,6,0,0
383,7,0,0
383,8,1,1
383,9,1,0
383,10,0,0
384,1,1,0
384,2,1,0
384,3,0,0
384,4,0,0
384,5,1,1
384,6,1,0
384,7,1,0
384,8,0,0
384,9,0,0
384,10,1,1
385,1,0,0
385,2,1,0
385,3,1,0
385,4,1,1
385,5,0,0
385,6,0,0
385,7,1,0
385,8,1,0
385,9,1,0
385,10,1,0
386,1,0,0
386,2,1,1
386,3,1,0
386,4,0,0
386,5,1,0
386,6,1,0
386,7,1,1
386,8,0,0
386,9,0,0
386,10,1,0
387,1,0,0
387,2,1,0
387,3,0,0
387,4,0,0
387,5,1,1
387,6,0,0
387,7,0,0
387,8,1,1
387,9,0,0
387,10,0,0
388,1,1,1
388,2,1,1
388,3,0,0
388,4,1,0
388,5,1,0
388,6,0,0
388,7,0,0
388,8,0,0
388,9,1,1
388,10,1,1
389,1,1,0
389,2,0,0
389,3,1,1
389,4,1,0
389,5,1,0
389,6,0,0
389,7,0,0
389,8,1,0
389,9,1,1
389,10,1,0
390,1,1,0
390,2,1,0
390,3,0,0
390,4,1,1
390,5,0,0
390,6,1,0
390,7,1,0
390,8,1,0
390,9,0,0
390,10,0,0
391,1,0,0
391,2,0,0
391,3,0,0
391,4,1,0
391,5,1,0
391,6,0,0
391,7,0,0
391,8,1,0
391,9,1,1
391,10,1,0
392,1,1,0
392,2,1,1
392,3,0,0
392,4,1,1
392,5,1,0
392,6,0,0
392,7,1,1
392,8,1,0
392,9,1,1
392,10,0,0
393,1,0,0
393,2,1,1
393,3,0,0
393,4,0,0
393,5,1,1
393,6,0,0
393,7,1,0
393,8,1,1
393,9,0,0
393,10,1,0
394,1,0,0
394,2,1,1
394,3,1,0
394,4,0,0
394,5,0,0
394,6,0,0
394,7,0,0
394,8,0,0
394,9,1,1
394,10,0,0
395,1,0,0
395,2,1,0
395,3,0,0
395,4,1,0
395,5,0,0
395,6,1,0
395,7,1,0
395,8,0,0
395,9,1,1
395,10,0,0
396,1,1,1
396,2,1,1
396,3,1,0
396,4,0,0
396,5,0,0
396,6,1,1
396,7,0,0
396,8,1,0
396,9,1,1
396,10,0,0
397,1,0,0
397,2,0,0
397,3,1,1
397,4,1,0
397,5,0,0
397,6,0,0
397,7,1,0
397,8,1,0
397,9,0,0
397,10,1,0
398,1,1,1
398,2,1,1
398,3,0,0
398,4,1,1
398,5,0,0
398,6,0,0
398,7,1,0
398,8,1,0
398,9,0,0
398,10,1,0
399,1,0,0
399,2,1,0
399,3,0,0
399,4,0,0
399,5,0,0
399,6,0,0
399,7,1,1
399,8,0,0
399,9,0,0
399,10,1,1
400,1,0,0
400,2,0,0
400,3,1,0
400,4,1,0
400,5,1,0
400,6,0,0
400,7,1,0
400,8,1,0
400,9,0,0
400,10,0,0
401,1,0,0
401,2,1,1
401,3,1,0
401,4,0,0
401,5,1,0
401,6,0,0
401,7,0,0
401,8,0,0
401,9,1,1
401,10,0,0
402,1,1,1
402,2,0,0
402,3,1,0
402,4,1,1
402,5,0,0
402,6,0,0
402,7,1,0
402,8,0,0
402,9,0,0
402,10,0,0
403,1,0,0
403,2,1,0
403,3,0,0
403,4,0,0
403,5,0,0
403,6,0,0
403,7,0,0
403,8,1,1
403,9,1,0
403,10,0,0
404,1,0,0
404,2,0,0
404,3,0,0
404,4,1,0
404,5,0,0
404,6,1,0
404,7,0,0
404,8,1,0
404,9,1,0
404,10,0,0
405,1,1,1
405,2,0,0
405,3,1,1
405,4,1,0
405,5,1,0
405,6,1,0
405,7,0,0
405,8,1,0
405,9,1,1
405,10,1,0
406,1,0,0
406,2,1,1
406,3,0,0
406,4,0,0
406,5,1,1
406,6,1,0
406,7,0,0
406,8,0,0
406,9,1,0
406,10,1,0
407,1,1,0
407,2,0,0
407,3,0,0
407,4,0,0
407,5,1,1
407,6,1,0
407,7,0,0
407,8,0,0
407,9,0,0
407,10,0,0
408,1,1,0
408,2,0,0
408,3,1,1
408,4,0,0
408,5,0,0
408,6,0,0
408,7,0,0
408,8,1,0
408,9,1,1
408,10,1,1
409,1,0,0
409,2,0,0
409,3,0,0
409,4,1,0
409,5,1,1
409,6,1,0
409,7,0,0
409,8,1,1
409,9,0,0
409,10,0,0
410,1,1,0
410,2,0,0
410,3,1,0
410,4,0,0
410,5,0,0
410,6,0,0
410,7,1,0
410,8,0,0
410,9,1,1
410,10,0,0
411,1,0,0
411,2,1,0
411,3,1,1
411,4,0,0
411,5,1,0
411,6,1,1
411,7,1,0
411,8,0,0
411,9,0,0
411,10,1,0
412,1,1,0
412,2,0,0
412,3,0,0
412,4,1,1
412,5,0,0
412,6,0,0
412,7,1,0
412,8,1,0
412,9,1,0
412,10,1,0
413,1,1,0
413,2,1,0
413,3,0,0
413,4,0,0
413,5,1,1
413,6,1,1
413,7,0,0
413,8,1,0
413,9,0,0
413,10,1,1
414,1,1,0
414,2,0,0
414,3,0,0
414,4,1,0
414,5,1,1
414,6,0,0
414,7,0,0
414,8,0,0
414,9,1,1
414,10,0,0
415,1,0,0
415,2,0,0
415,3,1,0
415,4,0,0
415,5,0,0
415,6,0,0
415,7,0,0
415,8,1,1
415,9,0,0
415,10,1,1
416,1,0,0
416,2,1,1
416,3,1,0
416,4,1,1
416,5,1,0
416,6,1,0
416,7,0,0
416,8,0,0
416,9,1,0
416,10,1,0
417,1,0,0
417,2,0,0
417,3,1,0
417,4,0,0
417,5,0,0
417,6,1,0
417,7,1,0
417,8,0,0
417,9,0,0
417,10,0,0
418,1,0,0
418,2,1,0
418,3,1,0
418,4,1,1
418,5,1,1
418,6,0,0
418,7,1,1
418,8,0,0
418,9,0,0
418,10,1,1
419,1,0,0
419,2,1,1
419,3,0,0
419,4,0,0
419,5,1,0
419,6,1,0
419,7,0,0
419,8,1,0
419,9,0,0
419,10,1,1
420,1,0,0
420,2,1,1
420,3,0,0
420,4,0,0
420,5,0,0
420,6,1,0
420,7,1,1
420,8,0,0
420,9,0,0
420,10,1,1
421,1,0,0
421,2,1,1
421,3,0,0
421,4,1,1
421,5,0,0
421,6,1,0
421,7,0,0
421,8,0,0
421,9,1,1
421,10,1,1
422,1,1,0
422,2,0,0
422,3,0,0
422,4,1,1
422,5,1,1
422,6,1,1
422,7,1,1
422,8,1,0
422,9,1,0
422,10,1,1
423,1,0,0
423,2,0,0
423,3,0,0
423,4,0,0
423,5,1,0
423,6,0,0
423,7,1,1
423,8,0,0
423,9,1,1
423,10,1,1
424,1,1,1
424,2,1,1
424,3,1,0
424,4,0,0
424,5,1,0
424,6,1,0
424,7,0,0
424,8,1,1
424,9,1,1
424,10,0,0
425,1,1,1
425,2,1,0
425,3,0,0
425,4,1,1
425,5,1,0
425,6,1,1
425,7,0,0
425,8,1,0
425,9,0,0
425,10,0,0
426,1,1,0
426,2,1,0
426,3,0,0
426,4,1,0
426,5,0,0
426,6,1,0
426,7,0,0
426,8,1,0
426,9,0,0
426,10,0,0
427,1,0,0
427,2,0,0
427,3,0,0
427,4,1,1
427,5,1,0
427,6,1,0
427,7,0,0
427,8,1,1
427,9,0,0
427,10,1,1
428,1,1,0
428,2,1,1
428,3,0,0
428,4,0,0
428,5,0,0
428,6,1,1
428,7,1,0
428,8,0,0
428,9,0,0
428,10,0,0
429,1,1,1
429,2,1,0
429,3,0,0
429,4,0,0
429,5,0,0
429,6,0,0
429,7,1,1
429,8,0,0
429,9,0,0
429,10,0,0
430,1,1,1
430,2,0,0
430,3,0,0
430,4,0,0
430,5,0,0
430,6,0,0
430,7,1,0
430,8,1,0
430,9,0,0
430,10,1,0
431,1,1,0
431,2,0,0
431,3,1,0
431,4,1,1
431,5,1,1
431,6,0,0
431,7,0,0
431,8,0,0
431,9,1,0
431,10,1,0
432,1,1,0
432,2,0,0
432,3,0,0
432,4,1,1
432,5,1,0
432,6,1,1
432,7,1,0
432,8,0,0
432,9,1,0
432,10,1,1
433,1,0,0
433,2,1,0
433,3,1,0
433,4,1,1
433,5,0,0
433,6,0,0
433,7,0,0
433,8,1,0
433,9,0,0
433,10,0,0
434,1,0,0
434,2,0,0
434,3,1,0
434,4,1,0
434,5,0,0
434,6,1,0
434,7,1,1
434,8,1,0
434,9,1,1
434,10,0,0
435,1,0,0
435,2,0,0
435,3,1,1
435,4,1,0
435,5,1,1
435,6,1,0
435,7,0,0
435,8,1,0
435,9,1,1
435,10,0,0
436,1,1,1
436,2,1,1
436,3,1,0
436,4,1,1
436,5,0,0
436,6,1,0
436,7,0,0
436,8,1,0
436,9,1,0
436,10,0,0
437,1,1,1
437,2,1,1
437,3,1,0
437,4,0,0
437,5,0,0
437,6,0,0
437,7,0,0
437,8,1,1
437,9,1,0
437,10,1,1
438,1,0,0
438,2,1,1
438,3,0,0
438,4,0,0
438,5,1,1
438,6,1,0
438,7,1,0
438,8,1,0
438,9,0,0
438,10,1,0
439,1,1,1
439,2,0,0
439,3,1,0
439,4,0,0
439,5,1,0
439,6,0,0
439,7,1,0
439,8,0,0
439,9,0,0
439,10,1,1
440,1,0,0
440,2,1,0
440,3,1,1
440,4,1,1
440,5,1,1
440,6,0,0
440,7,1,0
440,8,0,0
440,9,0,0
440,10,1,0
441,1,0,0
441,2,1,0
441,3,1,0
441,4,1,1
441,5,1,1
441,6,1,0
441,7,0,0
441,8,0,0
441,9,1,0
441,10,0,0
442,1,0,0
442,2,0,0
442,3,1,0
442,4,0,0
442,5,0,0
442,6,0,0
442,7,0,0
442,8,0,0
442,9,0,0
442,10,1,0
443,1,1,0
443,2,0,0
443,3,0,0
443,4,0,0
443,5,1,0
443,6,0,0
443,7,0,0
443,8,1,1
443,9,0,0
443,10,0,0
444,1,1,0
444,2,0,0
444,3,1,0
444,4,0,0
444,5,1,0
444,6,1,1
444,7,0,0
444,8,0,0
444,9,0,0
444,10,0,0
445,1,1,0
445,2,1,0
445,3,0,0
445,4,1,1
445,5,1,1
445,6,0,0
445,7,1,1
445,8,1,0
445,9,1,1
445,10,0,0
446,1,0,0
446,2,1,1
446,3,0,0
446,4,1,0
446,5,0,0
446,6,0,0
446,7,0,0
446,8,0,0
446,9,0,0
446,10,0,0
447,1,1,0
447,2,0,0
447,3,1,0
447,4,0,0
447,5,1,0
447,6,0,0
447,7,1,0
447,8,0,0
447,9,0,0
447,10,0,0
448,1,0,0
448,2,1,1
448,3,1,1
448,4,0,0
448,5,1,0
448,6,1,0
448,7,0,0
448,8,0,0
448,9,0,0
448,10,0,0
449,1,0,0
449,2,1,1
449,3,1,1
449,4,1,1
449,5,0,0
449,6,0,0
449,7,1,0
449,8,0,0
449,9,0,0
449,10,0,0
450,1,1,1
450,2,1,1
450,3,0,0
450,4,0,0
450,5,0,0
450,6,1,0
450,7,1,0
450,8,1,0
450,9,0,0
450,10,0,0
451,1,0,0
451,2,1,0
451,3,0,0
451,4,1,1
451,5,1,0
451,6,0,0
451,7,0,0
451,8,0,0
451,9,0,0
451,10,1,1
452,1,0,0
452,2,1,0
452,3,0,0
452,4,1,0
452,5,0,0
452,6,1,1
452,7,0,0
452,8,0,0
452,9,0,0
452,10,0,0
453,1,0,0
453,2,0,0
453,3,0,0
453,4,1,1
453,5,0,0
453,6,0,0
453,7,1,1
453,8,1,0
453,9,0,0
453,10,1,1
454,1,0,0
454,2,0,0
454,3,0,0
454,4,0,0
454,5,0,0
454,6,0,0
454,7,0,0
454,8,1,1
454,9,0,0
454,10,0,0
455,1,0,0
455,2,1,1
455,3,1,0
455,4,0,0
455,5,1,0
455,6,1,0
455,7,0,0
455,8,1,1
455,9,0,0
455,10,1,1
456,1,0,0
456,2,0,0
456,3,1,0
456,4,0,0
456,5,1,1
456,6,1,0
456,7,0,0
456,8,1,0
456,9,0,0
456,10,1,1
457,1,0,0
457,2,1,0
457,3,0,0
457,4,1,1
457,5,1,0
457,6,0,0
457,7,0,0
457,8,1,0
457,9,0,0
457,10,1,0
458,1,1,1
458,2,0,0
458,3,1,1
458,4,1,1
458,5,1,0
458,6,1,0
458,7,0,0
458,8,0,0
458,9,1,0
458,10,1,0
459,1,0,0
459,2,0,0
459,3,0,0
459,4,1,0
459,5,0,0
459,6,1,0
459,7,0,0
459,8,1,0
459,9,1,1
459,10,1,1
460,1,0,0
460,2,0,0
460,3,1,0
460,4,1,1
460,5,1,0
460,6,1,1
460,7,0,0
460,8,0,0
460,9,1,0
460,10,1,0
461,1,1,0
461,2,0,0
461,3,1,1
461,4,1,0
461,5,0,0
461,6,1,1
461,7,1,1
461,8,0,0
461,9,0,0
461,10,0,0
462,1,0,0
462,2,0,0
462,3,1,1
462,4,0,0
462,5,1,1
462,6,0,0
462,7,1,0
462,8,1,0
462,9,1,0
462,10,0,0
463,1,1,0
463,2,1,0
463,3,1,1
463,4,0,0
463,5,1,1
463,6,0,0
463,7,1,0
463,8,0,0
463,9,0,0
463,10,0,0
464,1,1,1
464,2,1,0
464,3,1,1
464,4,1,1
464,5,0,0
464,6,0,0
464,7,0,0
464,8,0,0
464,9,1,1
464,10,0,0
465,1,0,0
465,2,1,1
465,3,1,0
465,4,1,1
465,5,1,1
465,6,0,0
465,7,0,0
465,8,1,0
465,9,1,1
465,10,0,0
466,1,0,0
466,2,0,0
466,3,1,0
466,4,0,0
466,5,1,0
466,6,1,0
466,7,0,0
466,8,1,0
466,9,0,0
466,10,1,1
467,1,1,1
467,2,1,0
467,3,1,0
467,4,1,0
467,5,0,0
467,6,1,0
467,7,1,1
467,8,1,0
467,9,1,1
467,10,1,1
468,1,0,0
468,2,1,1
468,3,1,0
468,4,1,1
468,5,0,0
468,6,0,0
468,7,0,0
468,8,1,0
468,9,0,0
468,10,1,0
469,1,0,0
469,2,0,0
469,3,1,1
469,4,0,0
469,5,0,0
469,6,0,0
469,7,1,0
469,8,0,0
469,9,0,0
469,10,1,1
470,1,1,0
470,2,1,1
470,3,0,0
470,4,1,0
470,5,0,0
470,6,1,0
470,7,1,1
470,8,1,0
470,9,1,0
470,10,1,1
471,1,1,0
471,2,1,0
471,3,0,0
471,4,1,0
471,5,0,0
471,6,1,1
471,7,0,0
471,8,0,0
471,9,1,1
471,10,0,0
472,1,0,0
472,2,1,0
472,3,0,0
472,4,1,0
472,5,0,0
472,6,0,0
472,7,0,0
472,8,1,0
472,9,0,0
472,10,1,1
473,1,0,0
473,2,1,1
473,3,1,1
473,4,1,0
473,5,1,0
473,6,1,0
473,7,0,0
473,8,1,1
473,9,0,0
473,10,1,1
474,1,1,1
474,2,1,1
474,3,1,1
474,4,0,0
474,5,1,1
474,6,1,1
474,7,1,0
474,8,1,0
474,9,1,0
474,10,1,0
475,1,1,0
475,2,1,1
475,3,0,0
475,4,1,1
475,5,0,0
475,6,1,0
475,7,1,0
475,8,0,0
475,9,1,0
475,10,1,1
476,1,1,0
476,2,1,1
476,3,1,0
476,4,1,1
476,5,1,0
476,6,0,0
476,7,1,0
476,8,0,0
476,9,1,0
476,10,0,0
477,1,0,0
477,2,0,0
477,3,0,0
477,4,1,1
477,5,0,0
477,6,0,0
477,7,0,0
477,8,0,0
477,9,1,0
477,10,0,0
478,1,0,0
478,2,1,0
478,3,0,0
478,4,0,0
478,5,1,1
478,6,1,0
478,7,0,0
478,8,0,0
478,9,1,1
478,10,0,0
479,1,0,0
479,2,0,0
479,3,0,0
479,4,0,0
479,5,0,0
479,6,1,1
479,7,1,0
479,8,0,0
479,9,0,0
479,10,0,0
480,1,1,0
480,2,1,0
480,3,0,0
480,4,1,1
480,5,1,0
480,6,1,1
480,7,0,0
480,8,0,0
480,9,1,0
480,10,0,0
481,1,0,0
481,2,0,0
481,3,1,0
481,4,0,0
481,5,1,1
481,6,0,0
481,7,1,0
481,8,0,0
481,9,0,0
481,10,1,1
482,1,1,0
482,2,0,0
482,3,0,0
482,4,0,0
482,5,0,0
482,6,0,0
482,7,1,0
482,8,0,0
482,9,1,0
482,10,1,0
483,1,1,1
483,2,0,0
483,3,0,0
483,4,1,0
483,5,1,1
483,6,1,1
483,7,1,1
483,8,1,1
483,9,1,0
483,10,0,0
484,1,0,0
484,2,0,0
484,3,0,0
484,4,1,0
484,5,0,0
484,6,0,0
484,7,1,0
484,8,1,1
484,9,1,0
484,10,1,1
485,1,0,0
485,2,1,0
485,3,0,0
485,4,0,0
485,5,0,0
485,6,0,0
485,7,1,0
485,8,1,0
485,9,1,0
485,10,1,0
486,1,0,0
486,2,1,0
486,3,0,0
486,4,0,0
486,5,0,0
486,6,1,1
486,7,1,0
486,8,0,0
486,9,0,0
486,10,1,0
487,1,0,0
487,2,1,1
487,3,1,0
487,4,0,0
487,5,1,1
487,6,1,0
487,7,0,0
487,8,1,1
487,9,0,0
487,10,1,0
488,1,1,1
488,2,0,0
488,3,0,0
488,4,1,1
488,5,0,0
488,6,0,0
488,7,0,0
488,8,1,0
488,9,1,0
488,10,1,0
489,1,1,0
489,2,0,0
489,3,1,1
489,4,0,0
489,5,1,1
489,6,1,0
489,7,1,0
489,8,0,0
489,9,1,0
489,10,1,1
490,1,0,0
490,2,1,0
490,3,1,1
490,4,1,1
490,5,1,0
490,6,0,0
490,7,1,0
490,8,1,0
490,9,1,1
490,10,1,1
491,1,1,0
491,2,0,0
491,3,1,0
491,4,1,1
491,5,1,0
491,6,1,1
491,7,1,0
491,8,1,0
491,9,1,1
491,10,1,1
492,1,1,0
492,2,0,0
492,3,1,0
492,4,0,0
492,5,1,1
492,6,0,0
492,7,1,0
492,8,0,0
492,9,0,0
492,10,1,0
493,1,1,1
493,2,1,1
493,3,1,0
493,4,0,0
493,5,0,0
493,6,1,0
493,7,1,0
493,8,1,1
493,9,1,1
493,10,1,0
494,1,1,0
494,2,1,0
494,3,1,1
494,4,0,0
494,5,1,1
494,6,0,0
494,7,1,0
494,8,1,0
494,9,0,0
494,10,0,0
495,1,0,0
495,2,1,1
495,3,1,1
495,4,0,0
495,5,1,0
495,6,0,0
495,7,1,1
495,8,0,0
495,9,1,0
495,10,1,0
496,1,0,0
496,2,0,0
496,3,0,0
496,4,0,0
496,5,0,0
496,6,0,0
496,7,0,0
496,8,0,0
496,9,1,0
496,10,1,0
497,1,1,0
497,2,1,1
497,3,1,1
497,4,0,0
497,5,1,1
497,6,1,0
497,7,1,0
497,8,1,1
497,9,1,1
497,10,0,0
498,1,0,0
498,2,0,0
498,3,0,0
498,4,0,0
498,5,1,0
498,6,1,1
498,7,0,0
498,8,1,0
498,9,1,1
498,10,0,0
499,1,0,0
499,2,0,0
499,3,0,0
499,4,0,0
499,5,0,0
499,6,0,0
499,7,0,0
499,8,0,0
499,9,0,0
499,10,0,0
500,1,1,1
500,2,1,1
500,3,1,0
500,4,0,0
500,5,1,0
500,6,0,0
500,7,1,0
500,8,0,0
500,9,1,1
500,10,1,0
501,1,1,0
501,2,1,0
501,3,1,1
501,4,1,0
501,5,1,0
501,6,1,0
501,7,0,0
501,8,1,0
501,9,0,0
501,10,1,0
502,1,1,0
502,2,0,0
502,3,1,1
502,4,0,0
502,5,0,0
502,6,1,1
502,7,0,0
502,8,1,0
502,9,0,0
502,10,0,0
503,1,1,0
503,2,0,0
503,3,0,0
503,4,1,0
503,5,0,0
503,6,1,0
503,7,1,1
503,8,1,0
503,9,0,0
503,10,0,0
504,1,1,1
504,2,0,0
504,3,0,0
504,4,1,1
504,5,0,0
504,6,1,0
504,7,1,0
504,8,1,0
504,9,0,0
504,10,1,0
505,1,1,0
505,2,0,0
505,3,0,0
505,4,1,0
505,5,0,0
505,6,0,0
505,7,1,0
505,8,0,0
505,9,1,0
505,10,0,0
506,1,0,0
506,2,0,0
506,3,0,0
506,4,1,1
506,5,1,0
506,6,1,0
506,7,0,0
506,8,0,0
506,9,0,0
506,10,0,0
507,1,1,1
507,2,0,0
507,3,0,0
507,4,0,0
507,5,1,0
507,6,1,0
507,7,1,1
507,8,0,0
507,9,0,0
507,10,0,0
508,1,1,1
508,2,1,0
508,3,0,0
508,4,0,0
508,5,1,1
508,6,1,1
508,7,0,0
508,8,0,0
508,9,0,0
508,10,1,1
509,1,0,0
509,2,0,0
509,3,0,0
509,4,1,0
509,5,0,0
509,6,0,0
509,7,0,0
509,8,0,0
509,9,0,0
509,10,1,1
510,1,1,0
510,2,0,0
510,3,0,0
510,4,1,1
510,5,1,0
510,6,1,1
510,7,0,0
510,8,1,1
510,9,0,0
510,10,0,0
511,1,1,0
511,2,0,0
511,3,0,0
511,4,1,0
511,5,0,0
511,6,0,0
511,7,1,0
511,8,1,1
511,9,0,0
511,10,1,0
512,1,0,0
512,2,1,0
512,3,1,0
512,4,1,1
512,5,0,0
512,6,0,0
512,7,0,0
512,8,0,0
512,9,1,0
512,10,0,0
513,1,0,0
513,2,0,0
513,3,0,0
513,4,1,0
513,5,1,0
513,6,0,0
513,7,1,0
513,8,1,1
513,9,0,0
513,10,1,0
514,1,0,0
514,2,0,0
514,3,0,0
514,4,0,0
514,5,0,0
514,6,1,0
514,7,0,0
514,8,1,0
514,9,1,0
514,10,0,0
515,1,1,1
515,2,1,0
515,3,1,0
515,4,0,0
515,5,1,1
515,6,0,0
515,7,0,0
515,8,1,0
515,9,1,1
515,10,1,1
516,1,1,0
516,2,1,0
516,3,0,0
516,4,0,0
516,5,1,1
516,6,1,0
516,7,1,1
516,8,0,0
516,9,0,0
516,10,1,1
517,1,1,1
517,2,0,0
517,3,0,0
517,4,0,0
517,5,0,0
517,6,0,0
517,7,0,0
517,8,0,0
517,9,1,0
517,10,1,1
518,1,1,0
518,2,1,0
518,3,1,0
518,4,1,0
518,5,0,0
518,6,0,0
518,7,1,1
518,8,0,0
518,9,1,1
518,10,0,0
519,1,1,0
519,2,0,0
519,3,0,0
519,4,1,1
519,5,0,0
519,6,1,0
519,7,0,0
519,8,0,0
519,9,1,1
519,10,0,0
520,1,0,0
520,2,0,0
520,3,1,0
520,4,1,1
520,5,0,0
520,6,1,0
520,7,1,0
520,8,1,0
520,9,0,0
520,10,1,0
521,1,1,0
521,2,0,0
521,3,1,0
521,4,0,0
521,5,1,1
521,6,1,0
521,7,1,0
521,8,0,0
521,9,1,1
521,10,0,0
522,1,0,0
522,2,0,0
522,3,1,0
522,4,0,0
522,5,0,0
522,6,1,0
522,7,0,0
522,8,1,0
522,9,0,0
522,10,0,0
523,1,1,0
523,2,0,0
523,3,1,0
523,4,1,0
523,5,1,1
523,6,0,0
523,7,1,1
523,8,0,0
523,9,0,0
523,10,0,0
524,1,0,0
524,2,0,0
524,3,1,0
524,4,1,1
524,5,1,0
524,6,0,0
524,7,1,0
524,8,0,0
524,9,1,1
524,10,0,0
525,1,1,1
525,2,1,0
525,3,0,0
525,4,0,0
525,5,0,0
525,6,0,0
525,7,1,1
525,8,0,0
525,9,0,0
525,10,0,0
526,1,1,0
526,2,0,0
526,3,0,0
526,4,1,0
526,5,1,0
526,6,1,1
526,7,0,0
526,8,0,0
526,9,1,0
526,10,0,0
527,1,1,0
527,2,0,0
527,3,1,0
527,4,1,0
527,5,1,1
527,6,1,0
527,7,0,0
527,8,0,0
527,9,0,0
527,10,0,0
528,1,0,0
528,2,1,1
528,3,1,0
528,4,1,0
528,5,0,0
528,6,0,0
528,7,0,0
528,8,0,0
528,9,1,0
528,10,1,1
529,1,0,0
529,2,1,1
529,3,0,0
529,4,1,0
529,5,0,0
529,6,1,1
529,7,0,0
529,8,0,0
529,9,0,0
529,10,1,0
530,1,1,1
530,2,0,0
530,3,0,0
530,4,0,0
530,5,1,0
530,6,1,1
530,7,0,0
530,8,1,0
530,9,1,1
530,10,0,0
531,1,1,1
531,2,0,0
531,3,0,0
531,4,1,1
531,5,1,0
531,6,0,0
531,7,0,0
531,8,1,0
531,9,0,0
531,10,0,0
532,1,1,1
532,2,1,0
532,3,0,0
532,4,0,0
532,5,0,0
532,6,0,0
532,7,1,1
532,8,1,0
532,9,1,1
532,10,0,0
533,1,1,1
533,2,1,0
533,3,0,0
533,4,0,0
533,5,1,0
533,6,1,0
533,7,1,1
533,8,1,0
533,9,0,0
533,10,1,1
534,1,1,0
534,2,1,0
534,3,1,1
534,4,1,1
534,5,1,1
534,6,0,0
534,7,0,0
534,8,1,0
534,9,0,0
534,10,0,0
535,1,0,0
535,2,0,0
535,3,1,0
535,4,1,0
535,5,0,0
535,6,1,0
535,7,0,0
535,8,1,0
535,9,0,0
535,10,0,0
536,1,0,0
536,2,1,0
536,3,0,0
536,4,1,0
536,5,0,0
536,6,1,0
536,7,1,1
536,8,1,0
536,9,0,0
536,10,1,1
537,1,0,0
537,2,0,0
537,3,1,1
537,4,1,1
537,5,1,1
537,6,0,0
537,7,0,0
537,8,0,0
537,9,1,1
537,10,1,1
538,1,0,0
538,2,0,0
538,3,0,0
538,4,1,1
538,5,0,0
538,6,1,0
538,7,0,0
538,8,0,0
538,9,0,0
538,10,1,0
539,1,1,0
539,2,0,0
539,3,0,0
539,4,1,1
539,5,0,0
539,6,0,0
539,7,0,0
539,8,0,0
539,9,0,0
539,10,0,0
540,1,0,0
540,2,0,0
540,3,1,1
540,4,0,0
540,5,0,0
540,6,0,0
540,7,1,0
540,8,0,0
540,9,1,0
540,10,0,0
541,1,0,0
541,2,0,0
541,3,1,1
541,4,1,1
541,5,0,0
541,6,0,0
541,7,0,0
541,8,1,0
541,9,1,0
541,10,1,1
542,1,1,0
542,2,1,1
542,3,0,0
542,4,0,0
542,5,1,0
542,6,0,0
542,7,1,0
542,8,0,0
542,9,1,1
542,10,1,1
543,1,0,0
543,2,1,1
543,3,1,0
543,4,0,0
543,5,1,1
543,6,1,1
543,7,1,0
543,8,0,0
543,9,0,0
543,10,0,0
544,1,1,0
544,2,0,0
544,3,0,0
544,4,1,0
544,5,1,0
544,6,1,0
544,7,1,0
544,8,1,0
544,9,0,0
544,10,0,0
545,1,0,0
545,2,1,1
545,3,0,0
545,4,1,1
545,5,0,0
545,6,1,1
545,7,1,0
545,8,1,0
545,9,1,0
545,10,0,0
546,1,1,1
546,2,1,1
546,3,1,1
546,4,1,0
546,5,1,0
546,6,0,0
546,7,0,0
546,8,1,1
546,9,0,0
546,10,0,0
547,1,0,0
547,2,0,0
547,3,0,0
547,4,1,1
547,5,1,0
547,6,0,0
547,7,0,0
547,8,0,0
547,9,0,0
547,10,0,0
548,1,0,0
548,2,1,0
548,3,0,0
548,4,1,1
548,5,0,0
548,6,1,0
548,7,0,0
548,8,0,0
548,9,0,0
548,10,1,1
549,1,1,1
549,2,1,1
549,3,0,0
549,4,1,1
549,5,1,0
549,6,0,0
549,7,0,0
549,8,1,0
549,9,1,1
549,10,1,0
550,1,0,0
550,2,0,0
550,3,1,0
550,4,1,1
550,5,1,1
550,6,0,0
550,7,0,0
550,8,1,0
550,9,1,0
550,10,1,1
551,1,1,0
551,2,0,0
551,3,0,0
551,4,1,1
551,5,0,0
551,6,1,1
551,7,0,0
551,8,0,0
551,9,0,0
551,10,1,0
552,1,1,0
552,2,0,0
552,3,1,0
552,4,0,0
552,5,1,1
552,6,1,0
552,7,1,1
552,8,0,0
552,9,0,0
552,10,0,0
553,1,0,0
553,2,0,0
553,3,1,0
553,4,1,0
553,5,0,0
553,6,0,0
553,7,0,0
553,8,0,0
553,9,1,1
553,10,0,0
554,1,1,0
554,2,1,0
554,3,1,1
554,4,1,0
554,5,0,0
554,6,1,0
554,7,0,0
554,8,1,1
554,9,1,1
554,10,1,0
555,1,0,0
555,2,1,1
555,3,1,0
555,4,1,0
555,5,1,1
555,6,0,0
555,7,1,1
555,8,0,0
555,9,1,0
555,10,1,0
556,1,1,1
556,2,1,1
556,3,0,0
556,4,0,0
556,5,1,0
556,6,1,0
556,7,0,0
556,8,0,0
556,9,1,1
556,10,1,0
557,1,0,0
557,2,0,0
557,3,0,0
557,4,1,0
557,5,0,0
557,6,0,0
557,7,1,1
557,8,1,1
557,9,1,0
557,10,1,1
558,1,1,0
558,2,1,0
558,3,1,1
558,4,1,0
558,5,1,0
558,6,1,0
558,7,0,0
558,8,1,1
558,9,1,0
558,10,0,0
559,1,1,1
559,2,0,0
559,3,0,0
559,4,1,1
559,5,0,0
559,6,1,0
559,7,0,0
559,8,0,0
559,9,0,0
559,10,0,0
560,1,1,1
560,2,1,1
560,3,1,0
560,4,1,0
560,5,1,1
560,6,0,0
560,7,0,0
560,8,1,1
560,9,1,0
560,10,0,0
561,1,1,0
561,2,0,0
561,3,0,0
561,4,1,0
561,5,1,0
561,6,0,0
561,7,1,1
561,8,0,0
561,9,1,1
561,10,0,0
562,1,0,0
562,2,1,0
562,3,0,0
562,4,0,0
562,5,0,0
562,6,1,0
562,7,1,0
562,8,1,1
562,9,0,0
562,10,1,0
563,1,1,1
563,2,0,0
563,3,0,0
563,4,1,1
563,5,0,0
563,6,0,0
563,7,1,1
563,8,1,1
563,9,0,0
563,10,0,0
564,1,0,0
564,2,1,0
564,3,0,0
564,4,1,1
564,5,0,0
564,6,1,0
564,7,0,0
564,8,1,0
564,9,1,1
564,10,1,0
565,1,1,0
565,2,1,1
565,3,0,0
565,4,1,0
565,5,0,0
565,6,1,0
565,7,0,0
565,8,1,0
565,9,1,1
565,10,0,0
566,1,0,0
566,2,0,0
566,3,1,0
566,4,0,0
566,5,1,0
566,6,0,0
566,7,0,0
566,8,0,0
566,9,1,0
566,10,1,0
567,1,1,0
567,2,1,0
567,3,1,0
567,4,0,0
567,5,0,0
567,6,1,0
567,7,1,1
567,8,0,0
567,9,1,1
567,10,0,0
568,1,1,0
568,2,0,0
568,3,0,0
568,4,0,0
568,5,0,0
568,6,0,0
568,7,0,0
568,8,0,0
568,9,0,0
568,10,0,0
569,1,1,1
569,2,0,0
569,3,0,0
569,4,0,0
569,5,1,1
569,6,1,0
569,7,0,0
569,8,1,0
569,9,1,0
569,10,0,0
570,1,1,1
570,2,0,0
570,3,0,0
570,4,1,1
570,5,0,0
570,6,1,0
570,7,0,0
570,8,0,0
570,9,1,0
570,10,1,1
571,1,1,0
571,2,0,0
571,3,0,0
571,4,0,0
571,5,0,0
571,6,0,0
571,7,1,0
571,8,0,0
571,9,1,1
571,10,1,0
572,1,0,0
572,2,0,0
572,3,0,0
572,4,1,0
572,5,0,0
572,6,1,0
572,7,0,0
572,8,0,0
572,9,0,0
572,10,1,0
573,1,0,0
573,2,1,0
573,3,0,0
573,4,0,0
573,5,0,0
573,6,1,0
573,7,1,0
573,8,1,0
573,9,0,0
573,10,1,0
574,1,1,1
574,2,0,0
574,3,1,0
574,4,0,0
574,5,0,0
574,6,1,0
574,7,0,0
574,8,0,0
574,9,1,1
574,10,1,1
575,1,0,0
575,2,1,1
575,3,1,0
575,4,1,0
575,5,0,0
575,6,1,1
575,7,0,0
575,8,1,0
575,9,0,0
575,10,1,1
576,1,1,1
576,2,0,0
576,3,1,1
576,4,1,1
576,5,0,0
576,6,1,0
576,7,0,0
576,8,0,0
576,9,1,0
576,10,1,0
577,1,1,0
577,2,0,0
577,3,0,0
577,4,0,0
577,5,0,0
577,6,1,0
577,7,0,0
577,8,1,0
577,9,0,0
577,10,0,0
578,1,0,0
578,2,1,1
578,3,1,0
578,4,0,0
578,5,0,0
578,6,0,0
578,7,0,0
578,8,0,0
578,9,0,0
578,10,1,1
579,1,1,1
579,2,1,1
579,3,0,0
579,4,1,1
579,5,1,0
579,6,0,0
579,7,0,0
579,8,1,0
579,9,1,1
579,10,0,0
580,1,0,0
580,2,0,0
580,3,0,0
580,4,0,0
580,5,1,1
580,6,1,1
580,7,1,1
580,8,1,0
580,9,0,0
580,10,1,0
581,1,0,0
581,2,1,0
581,3,0,0
581,4,0,0
581,5,0,0
581,6,0,0
581,7,0,0
581,8,0,0
581,9,1,1
581,10,0,0
582,1,1,1
582,2,1,0
582,3,0,0
582,4,0,0
582,5,0,0
582,6,0,0
582,7,1,0
582,8,1,0
582,9,1,0
582,10,0,0
583,1,1,1
583,2,1,1
583,3,1,0
583,4,1,1
583,5,1,1
583,6,1,1
583,7,0,0
583,8,1,0
583,9,1,0
583,10,0,0
584,1,0,0
584,2,1,0
584,3,0,0
584,4,0,0
584,5,0,0
584,6,1,0
584,7,1,1
584,8,0,0
584,9,0,0
584,10,0,0
585,1,1,0
585,2,1,0
585,3,1,0
585,4,0,0
585,5,0,0
585,6,0,0
585,7,0,0
585,8,1,1
585,9,0,0
585,10,1,1
586,1,0,0
586,2,1,0
586,3,1,1
586,4,1,1
586,5,1,0
586,6,1,1
586,7,0,0
586,8,1,0
586,9,1,0
586,10,0,0
587,1,0,0
587,2,0,0
587,3,1,1
587,4,1,1
587,5,0,0
587,6,1,0
587,7,1,0
587,8,0,0
587,9,1,0
587,10,0,0
588,1,1,0
588,2,0,0
588,3,1,0
588,4,0,0
588,5,1,0
588,6,0,0
588,7,1,0
588,8,0,0
588,9,0,0
588,10,0,0
589,1,0,0
589,2,1,0
589,3,0,0
589,4,0,0
589,5,1,1
589,6,1,1
589,7,0,0
589,8,0,0
589,9,1,0
589,10,0,0
590,1,0,0
590,2,0,0
590,3,0,0
590,4,0,0
590,5,1,0
590,6,1,1
590,7,0,0
590,8,1,0
590,9,0,0
590,10,0,0
591,1,0,0
591,2,0,0
591,3,0,0
591,4,1,0
591,5,0,0
591,6,0,0
591,7,1,1
591,8,0,0
591,9,0,0
591,10,0,0
592,1,0,0
592,2,0,0
592,3,1,1
592,4,0,0
592,5,1,0
592,6,0,0
592,7,0,0
592,8,0,0
592,9,0,0
592,10,0,0
593,1,1,0
593,2,0,0
593,3,1,1
593,4,0,0
593,5,0,0
593,6,1,0
593,7,1,0
593,8,1,0
593,9,1,1
593,10,1,0
594,1,1,0
594,2,0,0
594,3,1,1
594,4,1,0
594,5,1,0
594,6,1,0
594,7,0,0
594,8,1,1
594,9,1,1
594,10,1,1
595,1,0,0
595,2,0,0
595,3,0,0
595,4,0,0
595,5,0,0
595,6,1,0
595,7,0,0
595,8,0,0
595,9,1,0
595,10,0,0
596,1,1,0
596,2,1,0
596,3,1,0
596,4,1,1
596,5,1,0
596,6,1,0
596,7,0,0
596,8,0,0
596,9,1,0
596,10,0,0
597,1,0,0
597,2,1,0
597,3,0,0
597,4,0,0
597,5,0,0
597,6,0,0
597,7,1,0
597,8,0,0
597,9,0,0
597,10,1,0
598,1,0,0
598,2,0,0
598,3,0,0
598,4,0,0
598,5,1,1
598,6,1,1
598,7,1,0
598,8,1,0
598,9,0,0
598,10,1,0
599,1,0,0
599,2,0,0
599,3,0,0
599,4,1,0
599,5,0,0
599,6,0,0
599,7,0,0
599,8,0,0
599,9,0,0
599,10,1,0
600,1,1,1
600,2,0,0
600,3,1,0
600,4,1,1
600,5,1,1
600,6,1,0
600,7,0,0
600,8,0,0
600,9,1,0
600,10,0,0
601,1,1,0
601,2,1,1
601,3,1,0
601,4,1,1
601,5,1,1
601,6,1,0
601,7,1,0
601,8,1,0
601,9,0,0
601,10,0,0
602,1,1,1
602,2,0,0
602,3,1,0
602,4,0,0
602,5,1,0
602,6,1,1
602,7,1,0
602,8,1,1
602,9,1,0
602,10,0,0
603,1,0,0
603,2,0,0
603,3,0,0
603,4,1,1
603,5,0,0
603,6,0,0
603,7,1,1
603,8,1,0
603,9,0,0
603,10,1,1
604,1,1,0
604,2,0,0
604,3,0,0
604,4,1,1
604,5,0,0
604,6,0,0
604,7,1,1
604,8,1,0
604,9,1,0
604,10,1,1
605,1,0,0
605,2,1,1
605,3,0,0
605,4,1,1
605,5,0,0
605,6,0,0
605,7,0,0
605,8,1,1
605,9,0,0
605,10,1,0
606,1,0,0
606,2,0,0
606,3,0,0
606,4,1,0
606,5,1,0
606,6,1,1
606,7,1,0
606,8,0,0
606,9,0,0
606,10,0,0
607,1,0,0
607,2,0,0
607,3,0,0
607,4,0,0
607,5,0,0
607,6,0,0
607,7,0,0
607,8,1,0
607,9,1,0
607,10,1,0
608,1,0,0
608,2,1,0
608,3,1,0
608,4,0,0
608,5,1,1
608,6,0,0
608,7,1,0
608,8,0,0
608,9,1,0
608,10,0,0
609,1,1,0
609,2,1,0
609,3,1,0
609,4,0,0
609,5,1,0
609,6,1,1
609,7,1,0
609,8,0,0
609,9,0,0
609,10,0,0
610,1,0,0
610,2,0,0
610,3,0,0
610,4,1,0
610,5,1,0
610,6,0,0
610,7,1,0
610,8,0,0
610,9,0,0
610,10,0,0
611,1,1,0
611,2,1,0
611,3,1,0
611,4,1,1
611,5,0,0
611,6,1,1
611,7,1,1
611,8,1,0
611,9,1,0
611,10,0,0
612,1,1,0
612,2,0,0
612,3,1,1
612,4,0,0
612,5,1,0
612,6,0,0
612,7,0,0
612,8,0,0
612,9,1,0
612,10,0,0
613,1,0,0
613,2,0,0
613,3,0,0
613,4,0,0
613,5,0,0
613,6,0,0
613,7,1,0
613,8,1,0
613,9,0,0
613,10,0,0
614,1,0,0
614,2,1,0
614,3,0,0
614,4,1,0
614,5,0,0
614,6,0,0
614,7,1,1
614,8,0,0
614,9,1,1
614,10,1,1
615,1,0,0
615,2,0,0
615,3,0,0
615,4,0,0
615,5,0,0
615,6,0,0
615,7,0,0
615,8,1,1
615,9,0,0
615,10,0,0
616,1,1,1
616,2,1,1
616,3,0,0
616,4,1,1
616,5,0,0
616,6,0,0
616,7,1,1
616,8,0,0
616,9,0,0
616,10,1,1
617,1,0,0
617,2,0,0
617,3,0,0
617,4,1,1
617,5,0,0
617,6,0,0
617,7,0,0
617,8,0,0
617,9,0,0
617,10,0,0
618,1,0,0
618,2,1,0
618,3,0,0
618,4,1,1
618,5,0,0
618,6,0,0
618,7,0,0
618,8,1,1
618,9,0,0
618,10,0,0
619,1,0,0
619,2,0,0
619,3,0,0
619,4,0,0
619,5,1,0
619,6,1,0
619,7,1,1
619,8,0,0
619,9,1,0
619,10,1,0
620,1,1,1
620,2,1,1
620,3,1,1
620,4,0,0
620,5,0,0
620,6,1,1
620,7,1,0
620,8,1,1
620,9,0,0
620,10,1,0
621,1,0,0
621,2,1,1
621,3,0,0
621,4,1,0
621,5,1,0
621,6,0,0
621,7,0,0
621,8,0,0
621,9,0,0
621,10,1,1
622,1,1,1
622,2,1,1
622,3,1,1
622,4,0,0
622,5,1,1
622,6,0,0
622,7,0,0
622,8,1,1
622,9,1,1
622,10,1,0
623,1,1,0
623,2,0,0
623,3,1,1
623,4,0,0
623,5,0,0
623,6,1,0
623,7,0,0
623,8,0,0
623,9,1,1
623,10,0,0
624,1,0,0
624,2,0,0
624,3,0,0
624,4,1,1
624,5,0,0
624,6,1,0
624,7,0,0
624,8,0,0
624,9,0,0
624,10,0,0
625,1,0,0
625,2,0,0
625,3,0,0
625,4,0,0
625,5,0,0
625,6,0,0
625,7,0,0
625,8,1,0
625,9,1,0
625,10,0,0
626,1,1,1
626,2,1,0
626,3,1,0
626,4,0,0
626,5,1,1
626,6,0,0
626,7,0,0
626,8,0,0
626,9,1,1
626,10,0,0
627,1,1,1
627,2,0,0
627,3,0,0
627,4,1,0
627,5,1,0
627,6,1,0
627,7,0,0
627,8,0,0
627,9,1,1
627,10,1,0
628,1,0,0
628,2,1,0
628,3,0,0
628,4,1,0
628,5,0,0
628,6,0,0
628,7,0,0
628,8,1,1
628,9,0,0
628,10,1,1
629,1,0,0
629,2,0,0
629,3,1,1
629,4,1,0
629,5,0,0
629,6,1,1
629,7,1,0
629,8,0,0
629,9,0,0
629,10,0,0
630,1,0,0
630,2,0,0
630,3,0,0
630,4,1,1
630,5,1,0
630,6,0,0
630,7,1,1
630,8,1,0
630,9,0,0
630,10,1,1
631,1,1,1
631,2,1,0
631,3,1,0
631,4,1,1
631,5,1,1
631,6,1,0
631,7,0,0
631,8,0,0
631,9,1,0
631,10,0,0
632,1,0,0
632,2,1,0
632,3,1,0
632,4,0,0
632,5,0,0
632,6,0,0
632,7,0,0
632,8,0,0
632,9,0,0
632,10,1,0
633,1,0,0
633,2,1,0
633,3,0,0
633,4,1,0
633,5,1,0
633,6,0,0
633,7,1,1
633,8,0,0
633,9,1,0
633,10,1,0
634,1,1,1
634,2,1,0
634,3,0,0
634,4,1,0
634,5,0,0
634,6,1,0
634,7,1,1
634,8,0,0
634,9,1,1
634,10,0,0
635,1,1,1
635,2,1,0
635,3,1,1
635,4,1,0
635,5,0,0
635,6,0,0
635,7,0,0
635,8,0,0
635,9,0,0
635,10,1,0
636,1,1,0
636,2,1,1
636,3,0,0
636,4,0,0
636,5,0,0
636,6,0,0
636,7,1,1
636,8,1,0
636,9,0,0
636,10,1,0
637,1,1,1
637,2,1,0
637,3,1,1
637,4,1,1
637,5,1,0
637,6,0,0
637,7,1,1
637,8,1,0
637,9,1,0
637,10,1,1
638,1,1,0
638,2,1,1
638,3,1,1
638,4,1,1
638,5,1,1
638,6,0,0
638,7,0,0
638,8,1,0
638,9,1,0
638,10,1,0
639,1,0,0
639,2,1,0
639,3,1,0
639,4,0,0
639,5,0,0
639,6,0,0
639,7,0,0
639,8,1,0
639,9,0,0
639,10,1,1
640,1,1,1
640,2,0,0
640,3,0,0
640,4,1,1
640,5,0,0
640,6,0,0
640,7,1,0
640,8,0,0
640,9,0,0
640,10,1,0
641,1,1,0
641,2,0,0
641,3,0,0
641,4,0,0
641,5,0,0
641,6,0,0
641,7,1,0
641,8,0,0
641,9,1,0
641,10,0,0
642,1,0,0
642,2,1,0
642,3,1,0
642,4,1,1
642,5,1,0
642,6,0,0
642,7,0,0
642,8,1,0
642,9,1,1
642,10,1,0
643,1,1,1
643,2,1,0
643,3,1,1
643,4,0,0
643,5,1,0
643,6,0,0
643,7,0,0
643,8,1,0
643,9,0,0
643,10,0,0
644,1,1,0
644,2,0,0
644,3,0,0
644,4,1,1
644,5,1,0
644,6,0,0
644,7,0,0
644,8,1,0
644,9,1,1
644,10,0,0
645,1,0,0
645,2,0,0
645,3,0,0
645,4,1,1
645,5,1,0
645,6,0,0
645,7,1,1
645,8,0,0
645,9,0,0
645,10,1,0
646,1,0,0
646,2,1,1
646,3,0,0
646,4,0,0
646,5,1,0
646,6,0,0
646,7,1,0
646,8,0,0
646,9,1,1
646,10,1,1
647,1,0,0
647,2,0,0
647,3,1,1
647,4,1,0
647,5,0,0
647,6,0,0
647,7,0,0
647,8,0,0
647,9,0,0
647,10,0,0
648,1,1,0
648,2,1,0
648,3,0,0
648,4,1,1
648,5,1,1
648,6,1,0
648,7,0,0
648,8,1,1
648,9,1,0
648,10,0,0
649,1,0,0
649,2,0,0
649,3,0,0
649,4,0,0
649,5,1,0
649,6,0,0
649,7,0,0
649,8,1,0
649,9,1,1
649,10,1,0
650,1,0,0
650,2,1,1
650,3,1,1
650,4,1,1
650,5,1,0
650,6,0,0
650,7,0,0
650,8,0,0
650,9,1,0
650,10,0,0
651,1,0,0
651,2,0,0
651,3,0,0
651,4,0,0
651,5,0,0
651,6,0,0
651,7,1,1
651,8,0,0
651,9,0,0
651,10,1,0
652,1,0,0
652,2,0,0
652,3,0,0
652,4,1,0
652,5,1,0
652,6,1,0
652,7,1,0
652,8,1,0
652,9,0,0
652,10,1,1
653,1,1,0
653,2,1,1
653,3,1,0
653,4,0,0
653,5,1,0
653,6,1,0
653,7,1,1
653,8,0,0
653,9,1,1
653,10,0,0
654,1,1,1
654,2,1,0
654,3,1,0
654,4,0,0
654,5,1,1
654,6,0,0
654,7,0,0
654,8,0,0
654,9,0,0
654,10,1,1
655,1,1,1
655,2,1,0
655,3,1,0
655,4,0,0
655,5,0,0
655,6,1,1
655,7,1,1
655,8,1,0
655,9,1,1
655,10,1,0
656,1,0,0
656,2,0,0
656,3,1,0
656,4,1,1
656,5,1,0
656,6,1,1
656,7,1,1
656,8,0,0
656,9,0,0
656,10,0,0
657,1,1,0
657,2,0,0
657,3,1,0
657,4,1,0
657,5,1,0
657,6,1,0
657,7,1,0
657,8,0,0
657,9,0,0
657,10,0,0
658,1,1,1
658,2,1,0
658,3,1,0
658,4,1,1
658,5,1,1
658,6,1,0
658,7,1,0
658,8,0,0
658,9,1,1
658,10,1,0
659,1,0,0
659,2,1,0
659,3,1,0
659,4,0,0
659,5,0,0
659,6,0,0
659,7,0,0
659,8,0,0
659,9,1,0
659,10,1,0
660,1,0,0
660,2,0,0
660,3,1,0
660,4,0,0
660,5,1,0
660,6,1,0
660,7,1,0
660,8,0,0
660,9,1,0
660,10,0,0
661,1,0,0
661,2,0,0
661,3,1,0
661,4,1,0
661,5,1,0
661,6,1,0
661,7,0,0
661,8,1,0
661,9,1,1
661,10,1,1
662,1,0,0
662,2,1,1
662,3,0,0
662,4,0,0
662,5,1,1
662,6,1,1
662,7,1,0
662,8,1,0
662,9,0,0
662,10,1,1
663,1,1,0
663,2,1,0
663,3,1,0
663,4,1,1
663,5,0,0
663,6,0,0
663,7,0,0
663,8,1,0
663,9,1,1
663,10,0,0
664,1,1,0
664,2,1,1
664,3,0,0
664,4,0,0
664,5,1,0
664,6,1,0
664,7,1,0
664,8,1,1
664,9,1,0
664,10,1,1
665,1,0,0
665,2,0,0
665,3,1,0
665,4,1,1
665,5,0,0
665,6,0,0
665,7,0,0
665,8,1,0
665,9,1,1
665,10,1,1
666,1,1,0
666,2,1,1
666,3,0,0
666,4,1,0
666,5,1,0
666,6,0,0
666,7,0,0
666,8,0,0
666,9,1,0
666,10,0,0
667,1,1,0
667,2,1,1
667,3,1,1
667,4,1,0
667,5,1,1
667,6,1,1
667,7,1,0
667,8,0,0
667,9,1,0
667,10,1,0
668,1,0,0
668,2,0,0
668,3,1,0
668,4,0,0
668,5,1,1
668,6,0,0
668,7,0,0
668,8,0,0
668,9,1,1
668,10,0,0
669,1,1,1
669,2,1,0
669,3,1,1
669,4,0,0
669,5,1,1
669,6,0,0
669,7,0,0
669,8,0,0
669,9,0,0
669,10,1,1
670,1,1,0
670,2,1,0
670,3,0,0
670,4,0,0
670,5,0,0
670,6,0,0
670,7,1,0
670,8,0,0
670,9,0,0
670,10,1,0
671,1,1,0
671,2,1,1
671,3,1,0
671,4,1,1
671,5,0,0
671,6,1,1
671,7,0,0
671,8,0,0
671,9,0,0
671,10,0,0
672,1,1,1
672,2,1,1
672,3,0,0
672,4,1,1
672,5,1,1
672,6,1,0
672,7,1,0
672,8,0,0
672,9,1,0
672,10,1,1
673,1,0,0
673,2,1,0
673,3,0,0
673,4,1,1
673,5,0,0
673,6,1,1
673,7,0,0
673,8,0,0
673,9,1,0
673,10,1,0
674,1,0,0
674,2,1,1
674,3,0,0
674,4,0,0
674,5,0,0
674,6,1,1
674,7,1,0
674,8,1,0
674,9,1,0
674,10,0,0
675,1,1,0
675,2,1,0
675,3,1,0
675,4,1,1
675,5,1,0
675,6,1,1
675,7,1,0
675,8,0,0
675,9,1,1
675,10,1,1
676,1,1,1
676,2,1,0
676,3,1,0
676,4,0,0
676,5,0,0
676,6,1,0
676,7,0,0
676,8,0,0
676,9,1,0
676,10,0,0
677,1,1,1
677,2,1,0
677,3,1,1
677,4,0,0
677,5,0,0
677,6,1,0
677,7,1,1
677,8,1,0
677,9,0,0
677,10,1,0
678,1,0,0
678,2,0,0
678,3,1,0
678,4,0,0
678,5,1,0
678,6,1,1
678,7,0,0
678,8,0,0
678,9,0,0
678,10,0,0
679,1,0,0
679,2,1,1
679,3,0,0
679,4,0,0
679,5,0,0
679,6,0,0
679,7,0,0
679,8,1,0
679,9,0,0
679,10,1,0
680,1,0,0
680,2,0,0
680,3,0,0
680,4,1,1
680,5,1,1
680,6,1,0
680,7,1,0
680,8,0,0
680,9,0,0
680,10,0,0
681,1,1,0
681,2,0,0
681,3,1,0
681,4,0,0
681,5,0,0
681,6,1,0
681,7,0,0
681,8,0,0
681,9,1,0
681,10,1,1
682,1,1,0
682,2,0,0
682,3,0,0
682,4,1,0
682,5,0,0
682,6,1,0
682,7,1,1
682,8,1,0
682,9,1,1
682,10,1,0
683,1,1,1
683,2,0,0
683,3,0,0
683,4,0,0
683,5,1,1
683,6,0,0
683,7,1,1
683,8,0,0
683,9,1,0
683,10,1,0
684,1,1,1
684,2,0,0
684,3,0,0
684,4,0,0
684,5,0,0
684,6,0,0
684,7,0,0
684,8,1,0
684,9,1,0
684,10,1,0
685,1,0,0
685,2,0,0
685,3,1,1
685,4,0,0
685,5,1,0
685,6,0,0
685,7,1,0
685,8,1,1
685,9,0,0
685,10,1,1
686,1,1,1
686,2,1,0
686,3,1,1
686,4,0,0
686,5,0,0
686,6,1,0
686,7,1,0
686,8,0,0
686,9,0,0
686,10,1,1
687,1,0,0
687,2,0,0
687,3,1,1
687,4,1,1
687,5,0,0
687,6,0,0
687,7,1,1
687,8,1,0
687,9,0,0
687,10,0,0
688,1,1,1
688,2,0,0
688,3,0,0
688,4,0,0
688,5,1,1
688,6,0,0
688,7,0,0
688,8,0,0
688,9,1,0
688,10,1,1
689,1,1,0
689,2,0,0
689,3,0,0
689,4,1,0
689,5,1,1
689,6,1,1
689,7,1,0
689,8,0,0
689,9,0,0
689,10,0,0
690,1,0,0
690,2,1,0
690,3,1,1
690,4,0,0
690,5,0,0
690,6,0,0
690,7,1,1
690,8,0,0
690,9,1,1
690,10,1,0
691,1,1,0
691,2,1,0
691,3,1,0
691,4,0,0
691,5,0,0
691,6,1,0
691,7,0,0
691,8,1,0
691,9,1,1
691,10,0,0
692,1,0,0
692,2,1,1
692,3,1,0
692,4,0,0
692,5,0,0
692,6,1,0
692,7,0,0
692,8,1,0
692,9,1,1
692,10,1,1
693,1,1,0
693,2,1,0
693,3,0,0
693,4,0,0
693,5,1,0
693,6,0,0
693,7,1,1
693,8,0,0
693,9,0,0
693,10,1,1
694,1,1,1
694,2,1,1
694,3,0,0
694,4,1,0
694,5,0,0
694,6,0,0
694,7,0,0
694,8,1,0
694,9,1,0
694,10,0,0
695,1,1,0
695,2,0,0
695,3,0,0
695,4,0,0
695,5,0,0
695,6,1,0
695,7,0,0
695,8,1,0
695,9,0,0
695,10,0,0
696,1,0,0
696,2,1,1
696,3,1,1
696,4,1,0
696,5,1,1
696,6,1,0
696,7,0,0
696,8,1,0
696,9,0,0
696,10,1,0
697,1,0,0
697,2,0,0
697,3,1,0
697,4,1,1
697,5,0,0
697,6,1,0
697,7,0,0
697,8,0,0
697,9,1,0
697,10,1,1
698,1,1,0
698,2,0,0
698,3,1,0
698,4,1,0
698,5,1,0
698,6,0,0
698,7,1,1
698,8,0,0
698,9,0,0
698,10,1,1
699,1,0,0
699,2,1,1
699,3,0,0
699,4,0,0
699,5,1,0
699,6,1,0
699,7,1,1
699,8,1,0
699,9,0,0
699,10,0,0
700,1,1,0
700,2,1,1
700,3,1,1
700,4,0,0
700,5,0,0
700,6,0,0
700,7,1,0
700,8,0,0
700,9,1,0
700,10,0,0
701,1,0,0
701,2,0,0
701,3,0,0
701,4,0,0
701,5,1,1
701,6,0,0
701,7,1,1
701,8,1,0
701,9,1,0
701,10,1,1
702,1,1,1
702,2,0,0
702,3,0,0
702,4,1,1
702,5,0,0
702,6,0,0
702,7,1,0
702,8,0,0
702,9,1,0
702,10,1,0
703,1,0,0
703,2,0,0
703,3,1,0
703,4,0,0
703,5,0,0
703,6,0,0
703,7,1,1
703,8,1,0
703,9,0,0
703,10,1,1
704,1,0,0
704,2,0,0
704,3,0,0
704,4,1,0
704,5,1,1
704,6,0,0
704,7,1,0
704,8,0,0
704,9,1,1
704,10,0,0
705,1,0,0
705,2,1,0
705,3,1,0
705,4,0,0
705,5,1,0
705,6,0,0
705,7,0,0
705,8,1,0
705,9,0,0
705,10,0,0
706,1,0,0
706,2,0,0
706,3,0,0
706,4,1,0
706,5,0,0
706,6,0,0
706,7,1,0
706,8,1,1
706,9,0,0
706,10,0,0
707,1,1,1
707,2,0,0
707,3,0,0
707,4,1,0
707,5,1,1
707,6,0,0
707,7,1,0
707,8,0,0
707,9,0,0
707,10,0,0
708,1,1,1
708,2,1,0
708,3,1,0
708,4,0,0
708,5,0,0
708,6,1,0
708,7,1,1
708,8,0,0
708,9,1,1
708,10,1,0
709,1,0,0
709,2,0,0
709,3,0,0
709,4,0,0
709,5,0,0
709,6,1,0
709,7,1,1
709,8,1,0
709,9,1,0
709,10,1,1
710,1,0,0
710,2,1,1
710,3,1,0
710,4,1,0
710,5,1,1
710,6,1,1
710,7,1,1
710,8,1,0
710,9,0,0
710,10,1,0
711,1,1,0
711,2,1,1
711,3,1,0
711,4,1,0
711,5,1,1
711,6,1,0
711,7,1,0
711,8,0,0
711,9,0,0
711,10,0,0
712,1,1,1
712,2,0,0
712,3,1,0
712,4,1,0
712,5,1,0
712,6,1,1
712,7,1,1
712,8,0,0
712,9,1,0
712,10,0,0
713,1,1,0
713,2,1,1
713,3,0,0
713,4,0,0
713,5,1,1
713,6,0,0
713,7,1,0
713,8,0,0
713,9,1,0
713,10,0,0
714,1,1,0
714,2,1,0
714,3,1,0
714,4,0,0
714,5,1,0
714,6,1,1
714,7,0,0
714,8,0,0
714,9,0,0
714,10,1,0
715,1,1,1
715,2,1,1
715,3,0,0
715,4,0,0
715,5,0,0
715,6,0,0
715,7,1,0
715,8,1,0
715,9,0,0
715,10,1,0
716,1,0,0
716,2,1,0
716,3,1,0
716,4,0,0
716,5,0,0
716,6,0,0
716,7,0,0
716,8,0,0
716,9,0,0
716,10,1,0
717,1,0,0
717,2,1,1
717,3,1,1
717,4,1,1
717,5,0,0
717,6,1,1
717,7,0,0
717,8,0,0
717,9,1,0
717,10,1,0
718,1,1,0
718,2,0,0
718,3,1,1
718,4,0,0
718,5,1,0
718,6,0,0
718,7,0,0
718,8,1,0
718,9,0,0
718,10,0,0
719,1,1,0
719,2,1,0
719,3,1,1
719,4,0,0
719,5,0,0
719,6,1,1
719,7,1,0
719,8,1,0
719,9,0,0
719,10,0,0
720,1,1,1
720,2,1,1
720,3,1,1
720,4,1,1
720,5,0,0
720,6,1,0
720,7,0,0
720,8,0,0
720,9,1,0
720,10,1,0
721,1,1,0
721,2,1,1
721,3,0,0
721,4,1,1
721,5,0,0
721,6,1,0
721,7,1,0
721,8,0,0
721,9,0,0
721,10,0,0
722,1,0,0
722,2,0,0
722,3,0,0
722,4,1,0
722,5,0,0
722,6,0,0
722,7,0,0
722,8,1,0
722,9,0,0
722,10,1,0
723,1,0,0
723,2,0,0
723,3,0,0
723,4,0,0
723,5,0,0
723,6,1,0
723,7,0,0
723,8,0,0
723,9,1,1
723,10,0,0
724,1,1,1
724,2,0,0
724,3,1,1
724,4,1,1
724,5,0,0
724,6,0,0
724,7,1,0
724,8,0,0
724,9,1,0
724,10,0,0
725,1,0,0
725,2,0,0
725,3,0,0
725,4,1,0
725,5,0,0
725,6,1,0
725,7,0,0
725,8,1,0
725,9,1,0
725,10,1,1
726,1,0,0
726,2,0,0
726,3,0,0
726,4,0,0
726,5,1,1
726,6,0,0
726,7,0,0
726,8,1,0
726,9,0,0
726,10,1,0
727,1,0,0
727,2,1,0
727,3,1,0
727,4,0,0
727,5,1,0
727,6,1,1
727,7,0,0
727,8,1,0
727,9,1,0
727,10,1,0
728,1,0,0
728,2,0,0
728,3,1,0
728,4,0,0
728,5,0,0
728,6,1,1
728,7,0,0
728,8,1,0
728,9,0,0
728,10,0,0
729,1,0,0
729,2,0,0
729,3,1,0
729,4,1,1
729,5,1,1
729,6,0,0
729,7,0,0
729,8,1,0
729,9,1,0
729,10,0,0
730,1,1,0
730,2,0,0
730,3,1,0
730,4,0,0
730,5,0,0
730,6,1,1
730,7,1,0
730,8,0,0
730,9,1,1
730,10,1,1
731,1,0,0
731,2,1,1
731,3,0,0
731,4,1,1
731,5,1,0
731,6,1,1
731,7,1,0
731,8,0,0
731,9,0,0
731,10,1,1
732,1,1,1
732,2,0,0
732,3,1,0
732,4,1,1
732,5,1,0
732,6,1,0
732,7,0,0
732,8,1,1
732,9,1,0
732,10,0,0
733,1,1,1
733,2,1,0
733,3,0,0
733,4,0,0
733,5,1,0
733,6,0,0
733,7,1,0
733,8,0,0
733,9,1,0
733,10,1,1
734,1,1,0
734,2,1,1
734,3,0,0
734,4,0,0
734,5,0,0
734,6,1,1
734,7,0,0
734,8,0,0
734,9,0,0
734,10,0,0
735,1,0,0
735,2,0,0
735,3,0,0
735,4,1,0
735,5,1,0
735,6,1,0
735,7,1,1
735,8,1,0
735,9,0,0
735,10,0,0
736,1,0,0
736,2,1,0
736,3,1,0
736,4,0,0
736,5,0,0
736,6,1,1
736,7,0,0
736,8,0,0
736,9,0,0
736,10,0,0
737,1,0,0
737,2,1,1
737,3,0,0
737,4,1,0
737,5,0,0
737,6,0,0
737,7,0,0
737,8,1,1
737,9,1,1
737,10,0,0
738,1,1,0
738,2,0,0
738,3,0,0
738,4,0,0
738,5,0,0
738,6,0,0
738,7,1,0
738,8,1,0
738,9,0,0
738,10,1,1
739,1,0,0
739,2,0,0
739,3,1,1
739,4,1,1
739,5,1,1
739,6,1,0
739,7,1,0
739,8,1,0
739,9,0,0
739,10,0,0
740,1,0,0
740,2,0,0
740,3,0,0
740,4,0,0
740,5,1,1
740,6,1,0
740,7,0,0
740,8,1,1
740,9,0,0
740,10,0,0
741,1,1,0
741,2,1,1
741,3,0,0
741,4,1,1
741,5,0,0
741,6,0,0
741,7,0,0
741,8,1,0
741,9,0,0
741,10,1,1
742,1,1,0
742,2,0,0
742,3,0,0
742,4,1,0
742,5,0,0
742,6,0,0
742,7,0,0
742,8,1,0
742,9,0,0
742,10,1,1
743,1,0,0
743,2,0,0
743,3,1,1
743,4,0,0
743,5,0,0
743,6,0,0
743,7,0,0
743,8,0,0
743,9,0,0
743,10,1,1
744,1,0,0
744,2,0,0
744,3,1,1
744,4,1,1
744,5,1,0
744,6,0,0
744,7,0,0
744,8,0,0
744,9,1,0
744,10,0,0
745,1,1,0
745,2,0,0
745,3,0,0
745,4,1,0
745,5,0,0
745,6,1,0
745,7,1,0
745,8,1,0
745,9,0,0
745,10,0,0
746,1,0,0
746,2,1,1
746,3,1,0
746,4,0,0
746,5,0,0
746,6,0,0
746,7,0,0
746,8,1,0
746,9,1,0
746,10,0,0
747,1,1,1
747,2,0,0
747,3,1,1
747,4,1,1
747,5,0,0
747,6,0,0
747,7,0,0
747,8,1,0
747,9,0,0
747,10,1,0
748,1,0,0
748,2,1,1
748,3,1,0
748,4,1,0
748,5,0,0
748,6,0,0
748,7,0,0
748,8,1,0
748,9,1,0
748,10,0,0
749,1,0,0
749,2,0,0
749,3,0,0
749,4,1,0
749,5,1,0
749,6,1,0
749,7,0,0
749,8,0,0
749,9,1,0
749,10,1,0
750,1,0,0
750,2,0,0
750,3,1,0
750,4,1,0
750,5,1,1
750,6,1,1
750,7,0,0
750,8,1,0
750,9,1,1
750,10,0,0
751,1,1,0
751,2,0,0
751,3,0,0
751,4,0,0
751,5,1,0
751,6,1,0
751,7,0,0
751,8,0,0
751,9,0,0
751,10,1,0
752,1,0,0
752,2,1,1
752,3,0,0
752,4,0,0
752,5,1,1
752,6,0,0
752,7,1,0
752,8,1,0
752,9,0,0
752,10,0,0
753,1,0,0
753,2,1,0
753,3,0,0
753,4,1,0
753,5,1,0
753,6,0,0
753,7,1,0
753,8,0,0
753,9,0,0
753,10,0,0
754,1,1,0
754,2,0,0
754,3,1,0
754,4,1,0
754,5,1,0
754,6,0,0
754,7,0,0
754,8,0,0
754,9,1,0
754,10,0,0
755,1,0,0
755,2,1,0
755,3,1,0
755,4,0,0
755,5,0,0
755,6,0,0
755,7,1,1
755,8,0,0
755,9,0,0
755,10,0,0
756,1,0,0
756,2,0,0
756,3,0,0
756,4,0,0
756,5,0,0
756,6,0,0
756,7,1,1
756,8,1,0
756,9,0,0
756,10,1,0
757,1,1,0
757,2,0,0
757,3,1,1
757,4,1,0
757,5,0,0
757,6,0,0
757,7,1,0
757,8,1,1
757,9,0,0
757,10,1,1
758,1,1,0
758,2,1,1
758,3,0,0
758,4,0,0
758,5,1,0
758,6,0,0
758,7,0,0
758,8,1,0
758,9,1,0
758,10,0,0
759,1,0,0
759,2,0,0
759,3,0,0
759,4,1,1
759,5,0,0
759,6,0,0
759,7,0,0
759,8,0,0
759,9,0,0
759,10,1,0
760,1,0,0
760,2,0,0
760,3,0,0
760,4,0,0
760,5,0,0
760,6,1,0
760,7,1,0
760,8,1,0
760,9,0,0
760,10,0,0
761,1,1,0
761,2,1,0
761,3,1,0
761,4,1,1
761,5,1,1
761,6,1,1
761,7,0,0
761,8,1,1
761,9,1,0
761,10,1,1
762,1,0,0
762,2,0,0
762,3,0,0
762,4,0,0
762,5,0,0
762,6,0,0
762,7,0,0
762,8,1,0
762,9,0,0
762,10,0,0
763,1,0,0
763,2,1,0
763,3,0,0
763,4,0,0
763,5,1,0
763,6,0,0
763,7,1,0
763,8,1,1
763,9,0,0
763,10,0,0
764,1,0,0
764,2,1,1
764,3,1,0
764,4,1,1
764,5,0,0
764,6,1,1
764,7,1,0
764,8,1,0
764,9,0,0
764,10,1,0
765,1,0,0
765,2,0,0
765,3,1,0
765,4,1,1
765,5,1,0
765,6,1,0
765,7,0,0
765,8,0,0
765,9,0,0
765,10,1,0
766,1,1,0
766,2,0,0
766,3,1,0
766,4,0,0
766,5,1,1
766,6,0,0
766,7,0,0
766,8,1,1
766,9,1,0
766,10,0,0
767,1,0,0
767,2,0,0
767,3,0,0
767,4,0,0
767,5,1,0
767,6,0,0
767,7,1,1
767,8,0,0
767,9,0,0
767,10,0,0
768,1,1,0
768,2,1,1
768,3,1,0
768,4,1,0
768,5,1,0
768,6,0,0
768,7,0,0
768,8,1,0
768,9,0,0
768,10,1,0
769,1,1,0
769,2,0,0
769,3,0,0
769,4,0,0
769,5,0,0
769,6,0,0
769,7,1,0
769,8,1,0
769,9,1,0
769,10,1,1
770,1,0,0
770,2,1,0
770,3,1,0
770,4,0,0
770,5,0,0
770,6,0,0
770,7,0,0
770,8,0,0
770,9,1,0
770,10,1,1
771,1,1,1
771,2,0,0
771,3,0,0
771,4,0,0
771,5,1,0
771,6,1,0
771,7,0,0
771,8,1,1
771,9,0,0
771,10,0,0
772,1,0,0
772,2,0,0
772,3,1,1
772,4,0,0
772,5,1,1
772,6,1,0
772,7,1,0
772,8,1,0
772,9,1,0
772,10,1,0
773,1,1,0
773,2,1,0
773,3,1,0
773,4,0,0
773,5,0,0
773,6,1,1
773,7,1,0
773,8,1,0
773,9,1,0
773,10,1,0
774,1,1,0
774,2,0,0
774,3,0,0
774,4,1,0
774,5,0,0
774,6,1,0
774,7,1,0
774,8,1,1
774,9,0,0
774,10,1,0
775,1,0,0
775,2,1,1
775,3,1,0
775,4,1,0
775,5,0,0
775,6,0,0
775,7,0,0
775,8,1,0
775,9,0,0
775,10,0,0
776,1,1,0
776,2,1,0
776,3,1,0
776,4,1,1
776,5,0,0
776,6,1,1
776,7,1,0
776,8,0,0
776,9,1,1
776,10,1,1
777,1,1,1
777,2,1,0
777,3,0,0
777,4,0,0
777,5,1,1
777,6,0,0
777,7,0,0
777,8,1,1
777,9,1,1
777,10,0,0
778,1,1,1
778,2,0,0
778,3,1,0
778,4,0,0
778,5,1,1
778,6,0,0
778,7,0,0
778,8,1,0
778,9,0,0
778,10,1,1
779,1,1,0
779,2,1,1
779,3,0,0
779,4,1,1
779,5,1,1
779,6,0,0
779,7,0,0
779,8,1,0
779,9,0,0
779,10,0,0
780,1,1,1
780,2,0,0
780,3,0,0
780,4,0,0
780,5,0,0
780,6,1,0
780,7,0,0
780,8,1,0
780,9,0,0
780,10,1,1
781,1,1,1
781,2,1,1
781,3,1,0
781,4,1,1
781,5,1,0
781,6,0,0
781,7,0,0
781,8,1,0
781,9,1,0
781,10,0,0
782,1,0,0
782,2,0,0
782,3,0,0
782,4,0,0
782,5,0,0
782,6,0,0
782,7,1,0
782,8,0,0
782,9,0,0
782,10,1,0
783,1,1,0
783,2,0,0
783,3,0,0
783,4,1,1
783,5,1,1
783,6,0,0
783,7,0,0
783,8,1,0
783,9,0,0
783,10,1,0
784,1,0,0
784,2,1,1
784,3,1,0
784,4,0,0
784,5,0,0
784,6,0,0
784,7,1,0
784,8,0,0
784,9,1,1
784,10,0,0
785,1,0,0
785,2,0,0
785,3,1,1
785,4,1,1
785,5,0,0
785,6,0,0
785,7,1,0
785,8,0,0
785,9,0,0
785,10,0,0
786,1,1,0
786,2,1,0
786,3,1,0
786,4,0,0
786,5,0,0
786,6,1,0
786,7,0,0
786,8,0,0
786,9,0,0
786,10,1,0
787,1,0,0
787,2,1,0
787,3,1,0
787,4,1,0
787,5,0,0
787,6,1,1
787,7,0,0
787,8,0,0
787,9,1,0
787,10,0,0
788,1,1,1
788,2,1,0
788,3,1,0
788,4,1,1
788,5,0,0
788,6,0,0
788,7,1,0
788,8,1,0
788,9,0,0
788,10,0,0
789,1,0,0
789,2,0,0
789,3,1,1
789,4,1,1
789,5,0,0
789,6,1,1
789,7,0,0
789,8,0,0
789,9,1,0
789,10,0,0
790,1,1,1
790,2,0,0
790,3,0,0
790,4,0,0
790,5,1,1
790,6,0,0
790,7,1,1
790,8,0,0
790,9,0,0
790,10,1,0
791,1,1,0
791,2,1,1
791,3,1,0
791,4,1,1
791,5,0,0
791,6,0,0
791,7,0,0
791,8,1,1
791,9,1,1
791,10,0,0
792,1,0,0
792,2,1,0
792,3,0,0
792,4,1,0
792,5,0,0
792,6,0,0
792,7,0,0
792,8,0,0
792,9,1,1
792,10,1,0
793,1,0,0
793,2,1,0
793,3,1,1
793,4,0,0
793,5,1,0
793,6,1,0
793,7,1,1
793,8,1,1
793,9,1,0
793,10,0,0
794,1,1,1
794,2,1,0
794,3,1,0
794,4,0,0
794,5,1,1
794,6,0,0
794,7,0,0
794,8,1,0
794,9,1,0
794,10,0,0
795,1,1,0
795,2,0,0
795,3,0,0
795,4,1,1
795,5,1,0
795,6,1,1
795,7,0,0
795,8,1,0
795,9,0,0
795,10,1,1
796,1,0,0
796,2,1,0
796,3,0,0
796,4,0,0
796,5,0,0
796,6,1,1
796,7,1,0
796,8,1,0
796,9,1,0
796,10,1,1
797,1,0,0
797,2,1,1
797,3,0,0
797,4,1,1
797,5,1,0
797,6,0,0
797,7,1,0
797,8,1,0
797,9,0,0
797,10,1,0
798,1,1,1
798,2,1,1
798,3,1,1
798,4,1,0
798,5,1,0
798,6,1,1
798,7,0,0
798,8,0,0
798,9,1,0
798,10,0,0
799,1,0,0
799,2,1,0
799,3,0,0
799,4,1,1
799,5,1,0
799,6,0,0
799,7,0,0
799,8,0,0
799,9,0,0
799,10,0,0
800,1,0,0
800,2,0,0
800,3,0,0
800,4,0,0
800,5,0,0
800,6,0,0
800,7,0,0
800,8,0,0
800,9,0,0
800,10,0,0
801,1,0,0
801,2,0,0
801,3,0,0
801,4,0,0
801,5,0,0
801,6,0,0
801,7,0,0
801,8,0,0
801,9,1,0
801,10,0,0
802,1,0,0
802,2,1,0
802,3,0,0
802,4,0,0
802,5,1,1
802,6,0,0
802,7,0,0
802,8,0,0
802,9,1,1
802,10,1,1
803,1,0,0
803,2,0,0
803,3,1,0
803,4,0,0
803,5,1,0
803,6,1,1
803,7,1,1
803,8,0,0
803,9,0,0
803,10,1,1
804,1,1,0
804,2,0,0
804,3,0,0
804,4,1,1
804,5,1,1
804,6,1,0
804,7,1,1
804,8,1,0
804,9,1,0
804,10,1,0
805,1,0,0
805,2,1,0
805,3,0,0
805,4,0,0
805,5,1,0
805,6,1,0
805,7,1,1
805,8,1,0
805,9,0,0
805,10,0,0
806,1,0,0
806,2,0,0
806,3,1,0
806,4,1,1
806,5,0,0
806,6,0,0
806,7,1,0
806,8,1,0
806,9,1,0
806,10,1,1
807,1,1,0
807,2,1,0
807,3,0,0
807,4,1,0
807,5,0,0
807,6,1,0
807,7,1,0
807,8,1,1
807,9,1,0
807,10,0,0
808,1,1,0
808,2,1,0
808,3,1,0
808,4,1,1
808,5,1,0
808,6,0,0
808,7,1,1
808,8,1,1
808,9,0,0
808,10,0,0
809,1,0,0
809,2,0,0
809,3,1,0
809,4,0,0
809,5,1,0
809,6,1,1
809,7,0,0
809,8,0,0
809,9,1,0
809,10,1,1
810,1,0,0
810,2,1,1
810,3,0,0
810,4,1,1
810,5,0,0
810,6,1,0
810,7,0,0
810,8,1,0
810,9,1,0
810,10,0,0
811,1,1,0
811,2,0,0
811,3,1,0
811,4,0,0
811,5,0,0
811,6,1,0
811,7,0,0
811,8,0,0
811,9,0,0
811,10,0,0
812,1,0,0
812,2,0,0
812,3,0,0
812,4,1,0
812,5,1,1
812,6,0,0
812,7,0,0
812,8,1,0
812,9,1,0
812,10,0,0
813,1,0,0
813,2,0,0
813,3,0,0
813,4,0,0
813,5,1,0
813,6,1,0
813,7,1,0
813,8,0,0
813,9,0,0
813,10,0,0
814,1,0,0
814,2,0,0
814,3,0,0
814,4,1,0
814,5,1,0
814,6,0,0
814,7,1,0
814,8,1,0
814,9,0,0
814,10,0,0
815,1,1,0
815,2,0,0
815,3,0,0
815,4,1,1
815,5,0,0
815,6,0,0
815,7,0,0
815,8,0,0
815,9,1,1
815,10,1,0
816,1,1,0
816,2,0,0
816,3,0,0
816,4,0,0
816,5,1,1
816,6,0,0
816,7,1,1
816,8,0,0
816,9,1,1
816,10,0,0
817,1,1,0
817,2,0,0
817,3,1,0
817,4,0,0
817,5,1,1
817,6,0,0
817,7,1,1
817,8,0,0
817,9,1,0
817,10,0,0
818,1,0,0
818,2,0,0
818,3,0,0
818,4,0,0
818,5,0,0
818,6,0,0
818,7,1,0
818,8,0,0
818,9,1,0
818,10,0,0
819,1,1,1
819,2,1,1
819,3,1,1
819,4,1,0
819,5,1,1
819,6,1,0
819,7,1,1
819,8,0,0
819,9,1,0
819,10,0,0
820,1,1,1
820,2,0,0
820,3,0,0
820,4,0,0
820,5,0,0
820,6,0,0
820,7,1,1
820,8,0,0
820,9,1,0
820,10,1,1
821,1,0,0
821,2,0,0
821,3,0,0
821,4,1,1
821,5,1,1
821,6,0,0
821,7,1,0
821,8,1,1
821,9,0,0
821,10,1,1
822,1,1,1
822,2,1,1
822,3,1,1
822,4,1,1
822,5,1,1
822,6,1,0
822,7,1,0
822,8,0,0
822,9,1,0
822,10,0,0
823,1,0,0
823,2,1,1
823,3,0,0
823,4,1,1
823,5,0,0
823,6,1,0
823,7,1,1
823,8,0,0
823,9,0,0
823,10,0,0
824,1,1,0
824,2,0,0
824,3,1,0
824,4,1,1
824,5,1,0
824,6,1,0
824,7,1,1
824,8,1,0
824,9,0,0
824,10,1,1
825,1,0,0
825,2,1,1
825,3,1,1
825,4,0,0
825,5,0,0
825,6,1,0
825,7,0,0
825,8,1,0
825,9,0,0
825,10,0,0
826,1,0,0
826,2,0,0
826,3,0,0
826,4,1,1
826,5,1,1
826,6,1,1
826,7,0,0
826,8,1,1
826,9,1,0
826,10,1,0
827,1,1,0
827,2,1,0
827,3,1,0
827,4,1,1
827,5,1,1
827,6,0,0
827,7,0,0
827,8,1,0
827,9,0,0
827,10,0,0
828,1,1,0
828,2,1,1
828,3,0,0
828,4,0,0
828,5,0,0
828,6,1,0
828,7,1,0
828,8,0,0
828,9,0,0
828,10,1,0
829,1,0,0
829,2,1,0
829,3,0,0
829,4,1,1
829,5,1,1
829,6,0,0
829,7,1,0
829,8,0,0
829,9,0,0
829,10,0,0
830,1,1,1
830,2,0,0
830,3,0,0
830,4,1,1
830,5,0,0
830,6,1,1
830,7,0,0
830,8,0,0
830,9,0,0
830,10,0,0
831,1,1,0
831,2,1,0
831,3,1,0
831,4,1,0
831,5,1,0
831,6,1,0
831,7,0,0
831,8,0,0
831,9,1,0
831,10,1,1
832,1,0,0
832,2,0,0
832,3,0,0
832,4,1,1
832,5,0,0
832,6,1,0
832,7,0,0
832,8,1,0
832,9,1,0
832,10,1,0
833,1,1,1
833,2,1,1
833,3,1,0
833,4,1,1
833,5,0,0
833,6,1,0
833,7,1,1
833,8,0,0
833,9,1,0
833,10,0,0
834,1,1,1
834,2,1,1
834,3,0,0
834,4,1,0
834,5,1,0
834,6,1,1
834,7,0,0
834,8,0,0
834,9,0,0
834,10,1,0
835,1,1,1
835,2,1,1
835,3,1,0
835,4,1,1
835,5,1,0
835,6,1,1
835,7,0,0
835,8,0,0
835,9,0,0
835,10,1,1
836,1,1,0
836,2,1,1
836,3,1,1
836,4,0,0
836,5,1,1
836,6,1,0
836,7,0,0
836,8,0,0
836,9,0,0
836,10,1,0
837,1,1,0
837,2,1,0
837,3,0,0
837,4,0,0
837,5,0,0
837,6,1,0
837,7,1,1
837,8,1,0
837,9,1,1
837,10,1,1
838,1,0,0
838,2,0,0
838,3,1,1
838,4,0,0
838,5,1,0
838,6,0,0
838,7,1,0
838,8,0,0
838,9,0,0
838,10,1,0
839,1,1,0
839,2,0,0
839,3,1,1
839,4,0,0
839,5,0,0
839,6,1,0
839,7,0,0
839,8,1,0
839,9,0,0
839,10,0,0
840,1,1,1
840,2,0,0
840,3,1,0
840,4,0,0
840,5,1,0
840,6,1,0
840,7,1,0
840,8,1,0
840,9,1,0
840,10,0,0
841,1,1,1
841,2,1,0
841,3,1,0
841,4,1,0
841,5,1,0
841,6,0,0
841,7,0,0
841,8,0,0
841,9,0,0
841,10,0,0
842,1,0,0
842,2,1,1
842,3,1,1
842,4,0,0
842,5,0,0
842,6,0,0
842,7,1,1
842,8,0,0
842,9,0,0
842,10,1,1
843,1,1,1
843,2,0,0
843,3,1,0
843,4,1,0
843,5,0,0
843,6,0,0
843,7,0,0
843,8,1,0
843,9,1,0
843,10,0,0
844,1,0,0
844,2,0,0
844,3,0,0
844,4,0,0
844,5,1,1
844,6,0,0
844,7,0,0
844,8,1,0
844,9,0,0
844,10,0,0
845,1,0,0
845,2,0,0
845,3,1,1
845,4,1,1
845,5,0,0
845,6,0,0
845,7,0,0
845,8,0,0
845,9,0,0
845,10,0,0
846,1,0,0
846,2,0,0
846,3,0,0
846,4,1,0
846,5,1,0
846,6,0,0
846,7,1,0
846,8,0,0
846,9,0,0
846,10,1,1
847,1,0,0
847,2,1,0
847,3,1,0
847,4,0,0
847,5,1,0
847,6,0,0
847,7,0,0
847,8,1,1
847,9,1,1
847,10,0,0
848,1,1,0
848,2,1,1
848,3,0,0
848,4,0,0
848,5,0,0
848,6,1,1
848,7,1,0
848,8,1,0
848,9,0,0
848,10,1,0
849,1,1,0
849,2,0,0
849,3,0,0
849,4,0,0
849,5,1,0
849,6,0,0
849,7,1,0
849,8,0,0
849,9,1,0
849,10,0,0
850,1,0,0
850,2,0,0
850,3,0,0
850,4,1,0
850,5,0,0
850,6,0,0
850,7,0,0
850,8,1,0
850,9,1,1
850,10,1,1
851,1,0,0
851,2,1,1
851,3,1,1
851,4,0,0
851,5,0,0
851,6,1,1
851,7,1,0
851,8,1,1
851,9,1,0
851,10,1,1
852,1,1,0
852,2,1,1
852,3,1,1
852,4,1,0
852,5,1,1
852,6,1,0
852,7,0,0
852,8,0,0
852,9,0,0
852,10,0,0
853,1,1,0
853,2,0,0
853,3,0,0
853,4,1,1
853,5,0,0
853,6,1,0
853,7,0,0
853,8,0,0
853,9,1,1
853,10,1,0
854,1,1,0
854,2,1,1
854,3,1,0
854,4,0,0
854,5,1,1
854,6,0,0
854,7,0,0
854,8,1,1
854,9,1,1
854,10,1,1
855,1,1,1
855,2,0,0
855,3,0,0
855,4,0,0
855,5,1,1
855,6,0,0
855,7,0,0
855,8,0,0
855,9,1,0
855,10,0,0
856,1,1,0
856,2,0,0
856,3,0,0
856,4,0,0
856,5,0,0
856,6,1,0
856,7,1,0
856,8,0,0
856,9,1,1
856,10,0,0
857,1,0,0
857,2,1,1
857,3,0,0
857,4,1,0
857,5,1,1
857,6,1,0
857,7,1,1
857,8,1,0
857,9,0,0
857,10,1,1
858,1,1,0
858,2,1,0
858,3,1,0
858,4,0,0
858,5,1,0
858,6,0,0
858,7,0,0
858,8,1,0
858,9,0,0
858,10,0,0
859,1,0,0
859,2,1,1
859,3,0,0
859,4,0,0
859,5,1,0
859,6,0,0
859,7,1,0
859,8,1,0
859,9,0,0
859,10,1,0
860,1,0,0
860,2,1,1
860,3,0,0
860,4,0,0
860,5,0,0
860,6,1,1
860,7,1,1
860,8,1,0
860,9,1,0
860,10,0,0
861,1,0,0
861,2,1,0
861,3,1,0
861,4,1,0
861,5,1,0
861,6,0,0
861,7,1,1
861,8,0,0
861,9,1,1
861,10,0,0
862,1,1,0
862,2,0,0
862,3,1,0
862,4,0,0
862,5,0,0
862,6,1,0
862,7,1,0
862,8,0,0
862,9,1,0
862,10,0,0
863,1,1,0
863,2,1,0
863,3,0,0
863,4,1,0
863,5,0,0
863,6,0,0
863,7,1,1
863,8,0,0
863,9,1,1
863,10,0,0
864,1,0,0
864,2,1,1
864,3,1,0
864,4,0,0
864,5,1,1
864,6,0,0
864,7,1,0
864,8,1,0
864,9,1,0
864,10,1,1
865,1,0,0
865,2,0,0
865,3,0,0
865,4,0,0
865,5,1,0
865,6,0,0
865,7,1,1
865,8,1,0
865,9,0,0
865,10,1,1
866,1,1,0
866,2,0,0
866,3,1,0
866,4,1,1
866,5,1,1
866,6,1,0
866,7,1,0
866,8,1,0
866,9,1,0
866,10,0,0
867,1,1,1
867,2,0,0
867,3,0,0
867,4,0,0
867,5,0,0
867,6,0,0
867,7,0,0
867,8,0,0
867,9,1,0
867,10,1,1
868,1,0,0
868,2,0,0
868,3,0,0
868,4,0,0
868,5,0,0
868,6,0,0
868,7,0,0
868,8,1,1
868,9,0,0
868,10,1,1
869,1,1,1
869,2,0,0
869,3,0,0
869,4,1,0
869,5,1,0
869,6,0,0
869,7,0,0
869,8,1,0
869,9,0,0
869,10,0,0
870,1,0,0
870,2,1,0
870,3,1,0
870,4,1,1
870,5,0,0
870,6,1,1
870,7,1,0
870,8,1,0
870,9,0,0
870,10,1,1
871,1,1,1
871,2,1,1
871,3,0,0
871,4,1,1
871,5,0,0
871,6,1,0
871,7,0,0
871,8,1,0
871,9,0,0
871,10,0,0
872,1,0,0
872,2,0,0
872,3,1,0
872,4,0,0
872,5,1,1
872,6,1,0
872,7,0,0
872,8,1,0
872,9,0,0
872,10,0,0
873,1,1,1
873,2,1,0
873,3,0,0
873,4,1,0
873,5,0,0
873,6,1,0
873,7,1,1
873,8,0,0
873,9,0,0
873,10,1,0
874,1,0,0
874,2,1,1
874,3,1,1
874,4,0,0
874,5,0,0
874,6,0,0
874,7,1,0
874,8,0,0
874,9,1,0
874,10,0,0
875,1,1,0
875,2,0,0
875,3,1,0
875,4,0,0
875,5,0,0
875,6,0,0
875,7,1,1
875,8,1,0
875,9,0,0
875,10,0,0
876,1,1,1
876,2,0,0
876,3,0,0
876,4,0,0
876,5,0,0
876,6,1,0
876,7,0,0
876,8,1,0
876,9,0,0
876,10,1,1
877,1,1,0
877,2,0,0
877,3,1,0
877,4,0,0
877,5,1,1
877,6,0,0
877,7,1,1
877,8,1,0
877,9,0,0
877,10,1,1
878,1,0,0
878,2,1,0
878,3,1,0
878,4,0,0
878,5,1,0
878,6,0,0
878,7,1,0
878,8,0,0
878,9,1,0
878,10,0,0
879,1,1,0
879,2,1,1
879,3,0,0
879,4,1,1
879,5,0,0
879,6,1,0
879,7,1,0
879,8,0,0
879,9,0,0
879,10,1,0
880,1,0,0
880,2,1,1
880,3,1,0
880,4,1,1
880,5,0,0
880,6,1,1
880,7,1,0
880,8,1,1
880,9,0,0
880,10,1,0
881,1,1,1
881,2,0,0
881,3,0,0
881,4,1,0
881,5,0,0
881,6,0,0
881,7,1,1
881,8,0,0
881,9,0,0
881,10,0,0
882,1,0,0
882,2,0,0
882,3,0,0
882,4,1,0
882,5,0,0
882,6,0,0
882,7,0,0
882,8,1,1
882,9,1,1
882,10,1,1
883,1,0,0
883,2,1,0
883,3,0,0
883,4,0,0
883,5,0,0
883,6,1,1
883,7,1,1
883,8,1,0
883,9,1,1
883,10,0,0
884,1,1,0
884,2,1,0
884,3,0,0
884,4,1,0
884,5,1,0
884,6,1,0
884,7,1,0
884,8,1,0
884,9,1,1
884,10,1,0
885,1,0,0
885,2,1,1
885,3,1,0
885,4,1,0
885,5,0,0
885,6,1,0
885,7,1,1
885,8,1,0
885,9,0,0
885,10,1,0
886,1,1,0
886,2,1,0
886,3,1,0
886,4,0,0
886,5,0,0
886,6,1,1
886,7,1,0
886,8,1,1
886,9,0,0
886,10,0,0
887,1,0,0
887,2,0,0
887,3,0,0
887,4,1,1
887,5,1,0
887,6,1,0
887,7,0,0
887,8,0,0
887,9,1,1
887,10,1,1
888,1,0,0
888,2,0,0
888,3,1,0
888,4,0,0
888,5,0,0
888,6,1,1
888,7,1,0
888,8,1,0
888,9,1,0
888,10,1,1
889,1,0,0
889,2,1,0
889,3,1,0
889,4,0,0
889,5,1,1
889,6,0,0
889,7,0,0
889,8,0,0
889,9,0,0
889,10,0,0
890,1,1,0
890,2,1,0
890,3,0,0
890,4,1,0
890,5,1,0
890,6,0,0
890,7,1,1
890,8,1,0
890,9,1,0
890,10,0,0
891,1,1,0
891,2,1,1
891,3,0,0
891,4,0,0
891,5,1,1
891,6,1,0
891,7,1,0
891,8,0,0
891,9,0,0
891,10,0,0
892,1,0,0
892,2,1,1
892,3,1,1
892,4,0,0
892,5,1,0
892,6,0,0
892,7,0,0
892,8,1,0
892,9,0,0
892,10,1,1
893,1,0,0
893,2,0,0
893,3,1,1
893,4,0,0
893,5,1,0
893,6,1,0
893,7,0,0
893,8,0,0
893,9,1,1
893,10,1,0
894,1,0,0
894,2,0,0
894,3,1,1
894,4,1,1
894,5,0,0
894,6,0,0
894,7,1,1
894,8,0,0
894,9,0,0
894,10,0,0
895,1,0,0
895,2,0,0
895,3,0,0
895,4,1,1
895,5,1,0
895,6,0,0
895,7,0,0
895,8,0,0
895,9,0,0
895,10,1,1
896,1,1,0
896,2,0,0
896,3,0,0
896,4,0,0
896,5,1,1
896,6,1,0
896,7,1,1
896,8,1,1
896,9,1,0
896,10,1,1
897,1,0,0
897,2,1,1
897,3,1,1
897,4,1,0
897,5,1,1
897,6,1,0
897,7,0,0
897,8,1,0
897,9,0,0
897,10,0,0
898,1,0,0
898,2,1,1
898,3,1,1
898,4,0,0
898,5,0,0
898,6,0,0
898,7,0,0
898,8,1,0
898,9,1,0
898,10,1,1
899,1,0,0
899,2,0,0
899,3,1,1
899,4,1,1
899,5,1,0
899,6,1,1
899,7,0,0
899,8,1,0
899,9,0,0
899,10,0,0
900,1,0,0
900,2,0,0
900,3,1,1
900,4,1,0
900,5,1,0
900,6,1,0
900,7,1,0
900,8,0,0
900,9,1,1
900,10,0,0
901,1,1,0
901,2,0,0
901,3,1,0
901,4,0,0
901,5,1,0
901,6,0,0
901,7,1,1
901,8,0,0
901,9,0,0
901,10,1,0
902,1,1,0
902,2,0,0
902,3,0,0
902,4,1,1
902,5,0,0
902,6,1,0
902,7,0,0
902,8,1,0
902,9,0,0
902,10,1,0
903,1,1,0
903,2,1,0
903,3,1,0
903,4,1,0
903,5,1,0
903,6,0,0
903,7,0,0
903,8,1,1
903,9,1,1
903,10,1,1
904,1,1,0
904,2,0,0
904,3,0,0
904,4,1,0
904,5,1,0
904,6,0,0
904,7,0,0
904,8,0,0
904,9,0,0
904,10,1,1
905,1,0,0
905,2,0,0
905,3,0,0
905,4,1,1
905,5,1,1
905,6,1,0
905,7,1,0
905,8,1,0
905,9,0,0
905,10,0,0
906,1,1,0
906,2,1,1
906,3,1,0
906,4,1,1
906,5,0,0
906,6,0,0
906,7,0,0
906,8,1,0
906,9,0,0
906,10,1,1
907,1,0,0
907,2,0,0
907,3,1,0
907,4,1,1
907,5,0,0
907,6,1,1
907,7,0,0
907,8,0,0
907,9,1,1
907,10,1,1
908,1,0,0
908,2,0,0
908,3,1,1
908,4,1,1
908,5,0,0
908,6,0,0
908,7,0,0
908,8,1,0
908,9,0,0
908,10,0,0
909,1,0,0
909,2,1,0
909,3,0,0
909,4,0,0
909,5,1,0
909,6,1,1
909,7,0,0
909,8,0,0
909,9,0,0
909,10,0,0
910,1,0,0
910,2,0,0
910,3,1,1
910,4,1,0
910,5,0,0
910,6,0,0
910,7,1,0
910,8,0,0
910,9,1,0
910,10,0,0
911,1,1,0
911,2,0,0
911,3,0,0
911,4,0,0
911,5,1,0
911,6,0,0
911,7,1,0
911,8,0,0
911,9,0,0
911,10,1,1
912,1,1,1
912,2,1,1
912,3,1,1
912,4,0,0
912,5,0,0
912,6,0,0
912,7,1,1
912,8,1,0
912,9,1,0
912,10,1,0
913,1,0,0
913,2,0,0
913,3,1,1
913,4,1,1
913,5,1,1
913,6,1,1
913,7,0,0
913,8,0,0
913,9,0,0
913,10,0,0
914,1,1,0
914,2,1,0
914,3,1,0
914,4,0,0
914,5,0,0
914,6,0,0
914,7,0,0
914,8,0,0
914,9,1,0
914,10,0,0
915,1,1,0
915,2,0,0
915,3,0,0
915,4,0,0
915,5,0,0
915,6,1,1
915,7,0,0
915,8,0,0
915,9,0,0
915,10,0,0
916,1,1,1
916,2,1,0
916,3,1,1
916,4,1,0
916,5,1,0
916,6,1,0
916,7,1,1
916,8,1,0
916,9,1,0
916,10,1,1
917,1,1,1
917,2,0,0
917,3,1,0
917,4,1,1
917,5,1,1
917,6,1,0
917,7,0,0
917,8,1,1
917,9,0,0
917,10,0,0
918,1,0,0
918,2,1,0
918,3,1,0
918,4,1,1
918,5,1,0
918,6,0,0
918,7,1,0
918,8,1,0
918,9,0,0
918,10,1,1
919,1,0,0
919,2,1,1
919,3,1,0
919,4,1,1
919,5,1,0
919,6,1,0
919,7,0,0
919,8,0,0
919,9,0,0
919,10,0,0
920,1,0,0
920,2,0,0
920,3,1,0
920,4,0,0
920,5,1,1
920,6,0,0
920,7,1,1
920,8,0,0
920,9,1,1
920,10,0,0
921,1,0,0
921,2,1,0
921,3,1,0
921,4,1,0
921,5,1,0
921,6,0,0
921,7,0,0
921,8,0,0
921,9,0,0
921,10,1,0
922,1,0,0
922,2,0,0
922,3,0,0
922,4,0,0
922,5,1,0
922,6,1,0
922,7,0,0
922,8,1,1
922,9,0,0
922,10,0,0
923,1,0,0
923,2,0,0
923,3,1,0
923,4,0,0
923,5,1,1
923,6,0,0
923,7,0,0
923,8,1,0
923,9,1,0
923,10,1,1
924,1,0,0
924,2,0,0
924,3,0,0
924,4,1,1
924,5,0,0
924,6,0,0
924,7,0,0
924,8,1,0
924,9,1,0
924,10,1,0
925,1,0,0
925,2,0,0
925,3,0,0
925,4,1,0
925,5,0,0
925,6,1,0
925,7,1,0
925,8,1,0
925,9,1,1
925,10,0,0
926,1,1,1
926,2,1,1
926,3,0,0
926,4,1,0
926,5,0,0
926,6,0,0
926,7,0,0
926,8,1,0
926,9,0,0
926,10,0,0
927,1,1,1
927,2,1,0
927,3,0,0
927,4,0,0
927,5,0,0
927,6,0,0
927,7,0,0
927,8,0,0
927,9,1,0
927,10,0,0
928,1,1,1
928,2,0,0
928,3,0,0
928,4,0,0
928,5,1,0
928,6,0,0
928,7,0,0
928,8,1,0
928,9,1,0
928,10,0,0
929,1,1,0
929,2,0,0
929,3,1,0
929,4,1,0
929,5,0,0
929,6,1,0
929,7,0,0
929,8,0,0
929,9,0,0
929,10,1,1
930,1,0,0
930,2,0,0
930,3,1,0
930,4,1,1
930,5,1,0
930,6,0,0
930,7,0,0
930,8,0,0
930,9,1,0
930,10,1,0
931,1,1,1
931,2,1,0
931,3,1,0
931,4,1,1
931,5,0,0
931,6,0,0
931,7,1,1
931,8,1,0
931,9,0,0
931,10,1,1
932,1,0,0
932,2,0,0
932,3,0,0
932,4,0,0
932,5,0,0
932,6,0,0
932,7,1,0
932,8,0,0
932,9,0,0
932,10,1,0
933,1,1,0
933,2,1,1
933,3,0,0
933,4,0,0
933,5,0,0
933,6,0,0
933,7,1,1
933,8,0,0
933,9,0,0
933,10,1,0
934,1,1,0
934,2,0,0
934,3,0,0
934,4,0,0
934,5,0,0
934,6,0,0
934,7,0,0
934,8,1,1
934,9,1,0
934,10,1,1
935,1,0,0
935,2,1,0
935,3,0,0
935,4,0,0
935,5,0,0
935,6,0,0
935,7,1,1
935,8,1,1
935,9,0,0
935,10,1,1
936,1,1,1
936,2,1,1
936,3,0,0
936,4,1,1
936,5,1,1
936,6,0,0
936,7,0,0
936,8,1,0
936,9,0,0
936,10,0,0
937,1,0,0
937,2,1,1
937,3,0,0
937,4,1,0
937,5,1,0
937,6,1,0
937,7,0,0
937,8,0,0
937,9,0,0
937,10,0,0
938,1,0,0
938,2,0,0
938,3,1,0
938,4,0,0
938,5,1,0
938,6,0,0
938,7,0,0
938,8,0,0
938,9,0,0
938,10,0,0
939,1,0,0
939,2,1,1
939,3,1,0
939,4,0,0
939,5,0,0
939,6,1,0
939,7,1,0
939,8,0,0
939,9,0,0
939,10,1,0
940,1,0,0
940,2,1,0
940,3,0,0
940,4,0,0
940,5,0,0
940,6,0,0
940,7,0,0
940,8,0,0
940,9,1,0
940,10,1,0
941,1,1,0
941,2,0,0
941,3,1,1
941,4,0,0
941,5,1,1
941,6,0,0
941,7,0,0
941,8,0,0
941,9,1,0
941,10,0,0
942,1,1,0
942,2,1,1
942,3,1,0
942,4,1,1
942,5,0,0
942,6,0,0
942,7,0,0
942,8,1,0
942,9,0,0
942,10,0,0
943,1,0,0
943,2,1,0
943,3,1,1
943,4,1,0
943,5,1,0
943,6,0,0
943,7,1,1
943,8,1,0
943,9,1,1
943,10,0,0
944,1,1,1
944,2,1,0
944,3,0,0
944,4,1,0
944,5,1,1
944,6,0,0
944,7,1,1
944,8,1,0
944,9,0,0
944,10,1,0
945,1,1,0
945,2,1,0
945,3,1,1
945,4,1,1
945,5,0,0
945,6,0,0
945,7,1,1
945,8,1,0
945,9,1,0
945,10,1,1
946,1,0,0
946,2,1,0
946,3,1,0
946,4,1,0
946,5,1,0
946,6,0,0
946,7,1,0
946,8,0,0
946,9,1,0
946,10,0,0
947,1,0,0
947,2,1,0
947,3,0,0
947,4,1,0
947,5,0,0
947,6,1,0
947,7,1,1
947,8,1,0
947,9,1,0
947,10,0,0
948,1,0,0
948,2,1,0
948,3,0,0
948,4,0,0
948,5,0,0
948,6,1,0
948,7,0,0
948,8,0,0
948,9,1,0
948,10,1,0
949,1,1,0
949,2,0,0
949,3,0,0
949,4,1,0
949,5,0,0
949,6,0,0
949,7,1,0
949,8,0,0
949,9,1,0
949,10,0,0
950,1,0,0
950,2,1,0
950,3,1,0
950,4,0,0
950,5,1,0
950,6,0,0
950,7,1,0
950,8,1,1
950,9,1,0
950,10,0,0
951,1,0,0
951,2,0,0
951,3,0,0
951,4,1,1
951,5,1,0
951,6,1,0
951,7,0,0
951,8,1,0
951,9,0,0
951,10,1,1
952,1,1,1
952,2,0,0
952,3,1,0
952,4,0,0
952,5,0,0
952,6,0,0
952,7,0,0
952,8,0,0
952,9,0,0
952,10,0,0
953,1,0,0
953,2,0,0
953,3,0,0
953,4,0,0
953,5,1,0
953,6,1,0
953,7,1,0
953,8,1,0
953,9,0,0
953,10,0,0
954,1,1,0
954,2,1,0
954,3,1,1
954,4,0,0
954,5,0,0
954,6,1,1
954,7,0,0
954,8,1,0
954,9,1,0
954,10,1,1
955,1,1,0
955,2,1,1
955,3,0,0
955,4,0,0
955,5,1,0
955,6,1,0
955,7,1,0
955,8,1,0
955,9,0,0
955,10,1,0
956,1,0,0
956,2,0,0
956,3,1,0
956,4,0,0
956,5,0,0
956,6,1,1
956,7,0,0
956,8,1,0
956,9,0,0
956,10,0,0
957,1,1,1
957,2,0,0
957,3,1,1
957,4,0,0
957,5,1,0
957,6,0,0
957,7,0,0
957,8,0,0
957,9,0,0
957,10,0,0
958,1,0,0
958,2,0,0
958,3,1,1
958,4,0,0
958,5,0,0
958,6,1,0
958,7,1,0
958,8,1,0
958,9,0,0
958,10,1,0
959,1,1,0
959,2,1,1
959,3,1,0
959,4,1,1
959,5,1,0
959,6,1,1
959,7,0,0
959,8,0,0
959,9,1,1
959,10,1,0
960,1,1,1
960,2,0,0
960,3,0,0
960,4,1,0
960,5,0,0
960,6,0,0
960,7,1,0
960,8,1,1
960,9,0,0
960,10,0,0
961,1,0,0
961,2,0,0
961,3,1,1
961,4,0,0
961,5,0,0
961,6,1,0
961,7,1,0
961,8,1,0
961,9,0,0
961,10,0,0
962,1,1,0
962,2,0,0
962,3,0,0
962,4,1,1
962,5,1,0
962,6,1,0
962,7,1,0
962,8,0,0
962,9,0,0
962,10,0,0
963,1,0,0
963,2,1,1
963,3,1,0
963,4,1,1
963,5,1,0
963,6,0,0
963,7,0,0
963,8,1,1
963,9,1,0
963,10,1,1
964,1,0,0
964,2,1,0
964,3,0,0
964,4,1,0
964,5,0,0
964,6,0,0
964,7,1,0
964,8,1,0
964,9,1,1
964,10,1,0
965,1,0,0
965,2,0,0
965,3,0,0
965,4,1,1
965,5,1,0
965,6,0,0
965,7,1,1
965,8,0,0
965,9,0,0
965,10,0,0
966,1,0,0
966,2,0,0
966,3,1,1
966,4,0,0
966,5,0,0
966,6,0,0
966,7,0,0
966,8,1,0
966,9,0,0
966,10,0,0
967,1,0,0
967,2,1,0
967,3,1,0
967,4,1,0
967,5,0,0
967,6,0,0
967,7,0,0
967,8,1,1
967,9,0,0
967,10,1,1
968,1,0,0
968,2,0,0
968,3,1,0
968,4,1,0
968,5,0,0
968,6,0,0
968,7,1,1
968,8,0,0
968,9,0,0
968,10,1,1
969,1,0,0
969,2,1,0
969,3,0,0
969,4,0,0
969,5,0,0
969,6,1,0
969,7,0,0
969,8,1,0
969,9,1,1
969,10,0,0
970,1,1,1
970,2,0,0
970,3,1,1
970,4,1,0
970,5,1,0
970,6,0,0
970,7,0,0
970,8,1,0
970,9,1,1
970,10,1,0
971,1,0,0
971,2,1,1
971,3,1,1
971,4,1,1
971,5,1,1
971,6,1,0
971,7,1,0
971,8,0,0
971,9,1,0
971,10,1,0
972,1,0,0
972,2,1,1
972,3,0,0
972,4,1,1
972,5,1,0
972,6,1,0
972,7,1,1
972,8,1,0
972,9,1,0
972,10,0,0
973,1,1,0
973,2,1,1
973,3,0,0
973,4,1,1
973,5,1,0
973,6,1,0
973,7,0,0
973,8,1,1
973,9,0,0
973,10,0,0
974,1,0,0
974,2,0,0
974,3,1,1
974,4,0,0
974,5,0,0
974,6,1,1
974,7,1,0
974,8,1,0
974,9,0,0
974,10,0,0
975,1,0,0
975,2,0,0
975,3,1,1
975,4,1,1
975,5,0,0
975,6,0,0
975,7,1,1
975,8,0,0
975,9,1,1
975,10,0,0
976,1,0,0
976,2,1,1
976,3,1,0
976,4,0,0
976,5,1,1
976,6,0,0
976,7,1,1
976,8,0,0
976,9,1,0
976,10,1,1
977,1,1,1
977,2,1,0
977,3,0,0
977,4,1,0
977,5,1,0
977,6,0,0
977,7,0,0
977,8,0,0
977,9,0,0
977,10,1,0
978,1,1,0
978,2,0,0
978,3,0,0
978,4,1,1
978,5,1,1
978,6,1,1
978,7,1,0
978,8,0,0
978,9,0,0
978,10,0,0
979,1,0,0
979,2,0,0
979,3,1,0
979,4,0,0
979,5,0,0
979,6,0,0
979,7,1,1
979,8,1,0
979,9,1,1
979,10,0,0
980,1,1,0
980,2,0,0
980,3,1,0
980,4,0,0
980,5,0,0
980,6,0,0
980,7,1,0
980,8,1,1
980,9,1,0
980,10,1,1
981,1,0,0
981,2,1,0
981,3,1,0
981,4,1,0
981,5,0,0
981,6,1,0
981,7,0,0
981,8,0,0
981,9,1,0
981,10,0,0
982,1,1,0
982,2,1,0
982,3,1,0
982,4,1,1
982,5,1,0
982,6,1,1
982,7,0,0
982,8,1,0
982,9,0,0
982,10,0,0
983,1,0,0
983,2,1,0
983,3,0,0
983,4,1,1
983,5,1,1
983,6,0,0
983,7,1,1
983,8,1,0
983,9,0,0
983,10,1,1
984,1,1,0
984,2,1,0
984,3,1,0
984,4,1,1
984,5,1,0
984,6,0,0
984,7,1,0
984,8,0,0
984,9,1,1
984,10,0,0
985,1,0,0
985,2,1,1
985,3,0,0
985,4,0,0
985,5,1,0
985,6,0,0
985,7,0,0
985,8,0,0
985,9,1,0
985,10,0,0
986,1,0,0
986,2,1,1
986,3,0,0
986,4,0,0
986,5,1,1
986,6,0,0
986,7,1,0
986,8,1,1
986,9,0,0
986,10,1,1
987,1,0,0
987,2,0,0
987,3,0,0
987,4,0,0
987,5,1,1
987,6,1,0
987,7,1,1
987,8,1,0
987,9,1,0
987,10,0,0
988,1,1,0
988,2,1,0
988,3,1,1
988,4,1,1
988,5,0,0
988,6,0,0
988,7,1,0
988,8,0,0
988,9,1,0
988,10,1,0
989,1,0,0
989,2,1,0
989,3,0,0
989,4,0,0
989,5,1,1
989,6,1,0
989,7,0,0
989,8,1,0
989,9,1,1
989,10,1,0
990,1,1,1
990,2,1,1
990,3,0,0
990,4,0,0
990,5,1,1
990,6,0,0
990,7,1,1
990,8,1,0
990,9,0,0
990,10,1,1
991,1,1,0
991,2,0,0
991,3,1,0
991,4,0,0
991,5,1,1
991,6,1,0
991,7,1,1
991,8,1,0
991,9,1,1
991,10,0,0
992,1,1,0
992,2,0,0
992,3,1,0
992,4,0,0
992,5,0,0
992,6,0,0
992,7,0,0
992,8,1,0
992,9,1,0
992,10,0,0
993,1,0,0
993,2,0,0
993,3,1,0
993,4,0,0
993,5,0,0
993,6,0,0
993,7,0,0
993,8,0,0
993,9,1,0
993,10,0,0
994,1,1,0
994,2,1,1
994,3,0,0
994,4,1,0
994,5,0,0
994,6,0,0
994,7,0,0
994,8,1,0
994,9,0,0
994,10,1,0
995,1,0,0
995,2,1,1
995,3,0,0
995,4,0,0
995,5,0,0
995,6,1,0
995,7,0,0
995,8,0,0
995,9,0,0
995,10,1,1
996,1,1,1
996,2,0,0
996,3,0,0
996,4,1,1
996,5,0,0
996,6,0,0
996,7,1,1
996,8,1,1
996,9,0,0
996,10,1,1
997,1,0,0
997,2,0,0
997,3,1,0
997,4,0,0
997,5,1,1
997,6,0,0
997,7,1,1
997,8,1,0
997,9,0,0
997,10,0,0
998,1,1,0
998,2,1,0
998,3,1,1
998,4,0,0
998,5,1,0
998,6,1,0
998,7,1,0
998,8,0,0
998,9,0,0
998,10,1,0
999,1,0,0
999,2,1,1
999,3,0,0
999,4,0,0
999,5,0,0
999,6,1,0
999,7,0,0
999,8,0,0
999,9,1,1
999,10,1,1
1000,1,0,0
1000,2,0,0
1000,3,1,0
1000,4,1,1
1000,5,0,0
1000,6,0,0
1000,7,0,0
1000,8,0,0
1000,9,1,0
1000,10,0,0
