ID,IP_ADDRESS,REQUEST_TIME
1,198.51.100.31,2020011009
2,198.51.100.13,2020011009
3,198.51.100.25,2020011009
4,198.51.100.25,2020011009
5,198.51.100.25,2020011009
6,198.51.100.25,2020011009
7,198.51.100.25,2020011009
8,198.51.100.25,2020011009
9,198.51.100.25,2020011009
10,198.51.100.25,2020011009
11,198.51.100.25,2020011009
12,198.51.100.25,2020011009
13,198.51.100.25,2020011009
14,198.51.100.25,2020011009
15,198.51.100.25,2020011009
16,198.51.100.25,2020011009
17,198.51.100.25,2020011009
18,198.51.100.13,2020011009
19,198.51.100.13,2020011009
20,198.51.100.13,2020011010
21,198.51.100.13,2020011010
22,198.51.100.13,2020011010
23,198.51.100.13,2020011010
24,198.51.100.13,2020011010
25,198.51.100.13,2020011010
26,198.51.100.31,2020011010
27,198.51.100.31,2020011010
28,198.51.100.31,2020011010
29,198.51.100.25,2020011010
30,198.51.100.25,2020011010
